Title,Genres,Status
"""Oshi no Ko""","['Award Winning', 'Drama', 'Reincarnation', 'Seinen', 'Showbiz']",Completed
100-man no Inochi no Ue ni Ore wa Tatteiru,"['Action', 'Adventure', 'Drama', 'Fantasy', 'Isekai', 'Shounen']",Completed
16bit Sensation: Another Layer,"['Adult Cast', 'Comedy', 'Otaku Culture', 'Sci-Fi', 'Time Travel', 'Workplace']",Completed
30-sai no Hoken Taiiku,"['Adult Cast', 'Comedy', 'Ecchi', 'Parody', 'Romance']",Completed
3D Kanojo: Real Girl,"['Otaku Culture', 'Romance', 'School', 'Shoujo']",Completed
3D Kanojo: Real Girl 2nd Season,"['Otaku Culture', 'Romance', 'School', 'Shoujo']",Completed
5-toubun no Hanayome,"['Comedy', 'Harem', 'Romance', 'School', 'Shounen']",Completed
7 Seeds,"['Adventure', 'Drama', 'Mystery', 'Psychological', 'Romance', 'Sci-Fi', 'Shoujo', 'Survival', 'Suspense']",Completed
86,"['Action', 'Drama', 'Mecha', 'Military', 'Sci-Fi']",Completed
Africa no Salaryman (TV),"['Anthropomorphic', 'Comedy', 'Workplace']",Completed
Aggressive Retsuko (ONA),"['Anthropomorphic', 'Comedy', 'Workplace']",Completed
Aggressive Retsuko (ONA) 2nd Season,"['Anthropomorphic', 'Comedy', 'Workplace']",Completed
Aggressive Retsuko (ONA) 3rd Season,"['Anthropomorphic', 'Comedy', 'Workplace']",Completed
Aharen-san wa Hakarenai,"['Comedy', 'Romance', 'School', 'Shounen']",Completed
Aho Girl,"['Comedy', 'Gag Humor', 'School', 'Shounen']",Completed
Ai Tenchi Muyou!,"['Comedy', 'Sci-Fi']",Completed
Akagami no Shirayuki-hime,"['Drama', 'Medical', 'Romance', 'Shoujo']",Completed
Akame ga Kill!,"['Action', 'Fantasy', 'Gore', 'Shounen']",Completed
Akkun to Kanojo,"['Comedy', 'Josei', 'Romance', 'School']",Completed
Akudama Drive,"['Action', 'Adult Cast', 'Gore', 'Sci-Fi', 'Suspense']",Completed
Akuyaku Reijou nanode Last Boss wo Kattemimashita,"['Comedy', 'Fantasy', 'Isekai', 'Romance', 'Shoujo', 'Villainess']",Completed
Amaama to Inazuma,"['Childcare', 'Gourmet', 'Iyashikei', 'Seinen', 'Slice of Life']",Completed
Amagami SS,"['Harem', 'Romance', 'School']",Completed
Amagami SS OVA,"['Harem', 'Romance', 'School']",Completed
Amagami SS+ Plus,"['Harem', 'Romance', 'School']",Completed
Amagami SS: Tachibana Miya-hen - Imouto,['School'],Completed
Amagi Brilliant Park,"['Comedy', 'Supernatural', 'Workplace']",Completed
Ane Log: Moyako Neesan no Tomaranai Monologue,"['Comedy', 'Ecchi', 'School', 'Shounen']",Completed
Angel Beats!,"['Drama', 'Fantasy', 'School']",Completed
Angel Beats! Specials,"['Comedy', 'Fantasy', 'School']",Completed
Anime Tenchou x Touhou Project,['Fantasy'],Completed
Anne Happy♪,"['CGDCT', 'School', 'Slice of Life']",Completed
Ano Hi Mita Hana no Namae wo Bokutachi wa Mada Shiranai.,"['Drama', 'Supernatural']",Completed
Another,"['Gore', 'Horror', 'Mystery', 'School']",Completed
Ao Haru Ride,"['Love Polygon', 'Romance', 'School', 'Shoujo']",Completed
Ao no Exorcist,"['Action', 'Mythology', 'School', 'Shounen', 'Supernatural']",Completed
Araburu Kisetsu no Otome-domo yo.,"['Drama', 'Romance', 'School', 'Shounen']",Completed
Arakawa Under the Bridge,"['Comedy', 'Romance', 'Seinen']",Completed
Arakawa Under the Bridge x Bridge,"['Comedy', 'Romance', 'Seinen']",Completed
Asobi Asobase,"['Comedy', 'Gag Humor', 'School', 'Seinen']",Completed
Asobi ni Iku yo!,"['Comedy', 'Ecchi', 'Harem', 'Romance', 'Sci-Fi']",Completed
Assassins Pride,['Fantasy'],Completed
Assault Lily: Bouquet,"['Action', 'Fantasy']",Completed
B: The Beginning,"['Action', 'Detective', 'Mystery', 'Psychological', 'Super Power', 'Suspense']",Completed
Back Street Girls: Gokudolls,"['Comedy', 'Ecchi', 'Gag Humor', 'Magical Sex Shift', 'Organized Crime', 'Seinen', 'Workplace']",Completed
Baka to Test to Shoukanjuu,"['Comedy', 'Love Polygon', 'Romance', 'School']",Completed
Bakugan Battle Brawlers: New Vestroia,"['Adventure', 'Fantasy', 'Strategy Game']",Completed
Barakamon,"['Childcare', 'Iyashikei', 'Slice of Life', 'Visual Arts']",Completed
Beastars,"['Anthropomorphic', 'Drama', 'Psychological', 'School', 'Shounen', 'Suspense']",Completed
Beastars 2nd Season,"['Anthropomorphic', 'Drama', 'Psychological', 'School', 'Shounen', 'Suspense']",Completed
Beelzebub,"['Action', 'Childcare', 'Comedy', 'Delinquents', 'Mythology', 'School', 'Shounen', 'Supernatural']",Completed
Ben-To,"['Action', 'Comedy', 'Gourmet', 'Martial Arts']",Completed
Binbougami ga!,"['Comedy', 'Gag Humor', 'Parody', 'Shounen', 'Supernatural']",Completed
Blend S,"['Comedy', 'Otaku Culture', 'Workplace']",Completed
Bocchi the Rock!,"['CGDCT', 'Comedy', 'Music']",Completed
Boku dake ga Inai Machi,"['Mystery', 'Psychological', 'Seinen', 'Suspense', 'Time Travel']",Completed
Boku no Hero Academia,"['Action', 'School', 'Shounen', 'Super Power']",Completed
Boku no Hero Academia 2nd Season,"['Action', 'School', 'Shounen', 'Super Power']",Completed
Boku no Hero Academia 3rd Season,"['Action', 'School', 'Shounen', 'Super Power']",Completed
Boku no Hero Academia 4th Season,"['Action', 'School', 'Shounen', 'Super Power']",Completed
Boku no Hero Academia the Movie 1: Futari no Hero,"['Action', 'Shounen', 'Super Power']",Completed
Boku no Kokoro no Yabai Yatsu,"['Comedy', 'Romance', 'School', 'Shounen']",Completed
Boku no Tonari ni Ankoku Hakaishin ga Imasu.,"['Comedy', 'Josei', 'School']",Completed
Bokura wa Minna Kawai-sou,"['Love Status Quo', 'School', 'Seinen', 'Slice of Life']",Completed
Bokura wa Minna Kawai-sou: Hajimete no,"['Love Status Quo', 'School', 'Seinen', 'Slice of Life']",Completed
Bokusatsu Tenshi Dokuro-chan,"['Comedy', 'Ecchi', 'Gag Humor', 'Gore', 'Supernatural']",Completed
Bokusatsu Tenshi Dokuro-chan 2,"['Comedy', 'Ecchi', 'Gag Humor', 'Gore', 'Supernatural']",Completed
Bokutachi wa Benkyou ga Dekinai,"['Comedy', 'Harem', 'Romance', 'School', 'Shounen']",Completed
Bokutachi wa Benkyou ga Dekinai!,"['Comedy', 'Harem', 'Romance', 'School', 'Shounen']",Completed
Busou Shoujo Machiavellianism,"['Action', 'Comedy', 'Ecchi', 'Harem', 'Martial Arts', 'School', 'Shounen']",Completed
"Busou Shoujo Machiavellianism: Doki! ""Goken-darake"" no Ian Ryokou","['Action', 'Ecchi', 'School', 'Shounen']",Completed
Chainsaw Man,"['Action', 'Fantasy', 'Gore', 'Shounen', 'Urban Fantasy']",Completed
Charlotte,"['Drama', 'School', 'Super Power']",Completed
Charlotte: Tsuyoimono-tachi,"['Drama', 'School', 'Super Power']",Completed
Chio-chan no Tsuugakuro,"['Comedy', 'Seinen']",Completed
Chiyu Mahou no Machigatta Tsukaikata,"['Action', 'Adventure', 'Fantasy', 'Isekai']",Completed
Chuunibyou demo Koi ga Shitai!,"['Comedy', 'Romance', 'School']",Completed
Chuunibyou demo Koi ga Shitai! Kirameki no... Slapstick Noel,"['Comedy', 'Romance', 'School']",Completed
Chuunibyou demo Koi ga Shitai! Movie: Take On Me,"['Comedy', 'Drama', 'Romance', 'School']",Completed
Chuunibyou demo Koi ga Shitai! Ren,"['Comedy', 'Romance', 'School']",Completed
Clannad,"['Drama', 'Romance', 'School']",Completed
Clannad: After Story,"['Drama', 'Romance']",Completed
"Clannad: Mou Hitotsu no Sekai, Tomoyo-hen","['Drama', 'Romance', 'School']",Completed
Cyclops Shoujo Saipuu,"['Comedy', 'Ecchi', 'School', 'Slice of Life']",Completed
D-Frag!,"['Comedy', 'School', 'Seinen', 'Strategy Game']",Completed
D-Frag!*,"['Comedy', 'Seinen']",Completed
Dagashi Kashi,"['Comedy', 'Gourmet', 'Love Status Quo', 'Shounen']",Completed
Dagashi Kashi 2,"['Comedy', 'Gourmet', 'Love Status Quo', 'Shounen']",Completed
Danna ga Nani wo Itteiru ka Wakaranai Ken,"['Adult Cast', 'Comedy', 'Otaku Culture', 'Romance']",Completed
Danshi Koukousei no Nichijou,"['Comedy', 'Gag Humor', 'School']",Completed
Darling in the FranXX,"['Action', 'Drama', 'Mecha', 'Romance', 'Sci-Fi']",Completed
Date A Live,"['Action', 'Fantasy', 'Harem', 'Romance', 'School', 'Sci-Fi']",Completed
Date A Live II,"['Action', 'Fantasy', 'Harem', 'Romance', 'School', 'Sci-Fi']",Completed
Date A Live III,"['Action', 'Fantasy', 'Harem', 'Romance', 'School', 'Sci-Fi']",Completed
Death Parade,"['Adult Cast', 'Drama', 'Fantasy', 'High Stakes Game', 'Psychological', 'Suspense']",Completed
Demi-chan wa Kataritai,"['Comedy', 'Fantasy', 'Mythology', 'School', 'Seinen', 'Urban Fantasy', 'Vampire']",Completed
Demi-chan wa Kataritai: Demi-chan no Natsuyasumi,"['Comedy', 'Fantasy', 'Mythology', 'School', 'Seinen', 'Urban Fantasy', 'Vampire']",Completed
Denki-gai no Honya-san,"['Comedy', 'Otaku Culture', 'Seinen', 'Workplace']",Completed
Denpa Onna to Seishun Otoko,"['Comedy', 'Sci-Fi']",Completed
Devilman: Crybaby,"['Action', 'Avant Garde', 'Gore', 'Horror', 'Mythology', 'Shounen', 'Supernatural']",Completed
Domestic na Kanojo,"['Drama', 'Love Polygon', 'Romance', 'School', 'Shounen']",Completed
Dororo,"['Action', 'Adventure', 'Fantasy', 'Historical', 'Mythology', 'Samurai', 'Shounen']",Completed
Dosanko Gal wa Namara Menkoi,"['Comedy', 'Love Status Quo', 'School', 'Shounen']",Completed
Dr. Stone,"['Adventure', 'Comedy', 'Sci-Fi', 'Shounen', 'Survival']",Completed
Dumbbell Nan Kilo Moteru?,"['CGDCT', 'Comedy', 'Ecchi']",Completed
Dungeon Meshi,"['Adventure', 'Comedy', 'Fantasy', 'Gourmet', 'Seinen']",Completed
Dungeon ni Deai wo Motomeru no wa Machigatteiru Darou ka,"['Action', 'Adventure', 'Fantasy']",Completed
Dungeon ni Deai wo Motomeru no wa Machigatteiru Darou ka Gaiden: Sword Oratoria,"['Action', 'Adventure', 'Fantasy']",Completed
Dungeon ni Deai wo Motomeru no wa Machigatteiru Darou ka II,"['Action', 'Adventure', 'Fantasy']",Completed
Engage Kiss,"['Action', 'Comedy', 'Love Polygon', 'Romance']",Completed
Eromanga-sensei,"['Comedy', 'Ecchi', 'Otaku Culture', 'Romance']",Completed
Eromanga-sensei OVA,"['Comedy', 'Ecchi', 'Otaku Culture', 'Romance']",Completed
Fantasy Bishoujo Juniku Ojisan to,"['Adventure', 'Comedy', 'Fantasy', 'Isekai', 'Magical Sex Shift', 'Parody']",Completed
Fugou Keiji: Balance:Unlimited,"['Adult Cast', 'Detective', 'Mystery']",Completed
Fullmetal Alchemist: Brotherhood,"['Action', 'Adventure', 'Drama', 'Fantasy', 'Military', 'Shounen']",Completed
Gabriel DropOut,"['CGDCT', 'Comedy', 'Mythology', 'School', 'Shounen', 'Supernatural']",Completed
Gamers!,"['Comedy', 'Love Polygon', 'Otaku Culture', 'Romance', 'School', 'Video Game']",Completed
Gekkan Shoujo Nozaki-kun,"['Comedy', 'Otaku Culture', 'Romance', 'School']",Completed
Giji Harem,"['Comedy', 'Love Status Quo', 'Romance', 'School', 'Shounen']",Completed
Gimai Seikatsu,['Romance'],Completed
Gintama,"['Action', 'Comedy', 'Gag Humor', 'Historical', 'Parody', 'Samurai', 'Sci-Fi', 'Shounen']",Completed
Gintama Movie 1: Shinyaku Benizakura-hen,"['Action', 'Comedy', 'Historical', 'Parody', 'Samurai', 'Sci-Fi', 'Shounen']",Completed
Gintama Movie 2: Kanketsu-hen - Yorozuya yo Eien Nare,"['Action', 'Comedy', 'Gag Humor', 'Historical', 'Parody', 'Samurai', 'Sci-Fi', 'Shounen', 'Time Travel']",Completed
Gintama',"['Action', 'Comedy', 'Gag Humor', 'Historical', 'Parody', 'Samurai', 'Sci-Fi', 'Shounen']",Completed
Gintama': Enchousen,"['Action', 'Comedy', 'Gag Humor', 'Historical', 'Parody', 'Samurai', 'Sci-Fi', 'Shounen']",Completed
Gintama': Futon ni Haitte kara Buki Nokoshi ni Kizuite Neru ni Nerenai Toki mo Aru,"['Action', 'Comedy', 'Gag Humor', 'Historical', 'Parody', 'Samurai', 'Sci-Fi', 'Shounen']",Completed
Gintama.,"['Action', 'Comedy', 'Gag Humor', 'Historical', 'Parody', 'Samurai', 'Sci-Fi', 'Shounen']",Completed
Gintama. Porori-hen,"['Action', 'Comedy', 'Gag Humor', 'Historical', 'Parody', 'Samurai', 'Sci-Fi', 'Shounen']",Completed
Gintama. Shirogane no Tamashii-hen,"['Action', 'Comedy', 'Gag Humor', 'Historical', 'Parody', 'Samurai', 'Sci-Fi', 'Shounen']",Completed
Gintama. Shirogane no Tamashii-hen - Kouhan-sen,"['Action', 'Comedy', 'Gag Humor', 'Historical', 'Parody', 'Samurai', 'Sci-Fi', 'Shounen']",Completed
Gintama: Dai Hanseikai,"['Action', 'Comedy', 'Parody', 'Samurai', 'Shounen']",Completed
Gintama: Nanigoto mo Saisho ga Kanjin nanode Tashou Senobisuru Kurai ga Choudoyoi,"['Action', 'Comedy', 'Historical', 'Mecha', 'Parody', 'Samurai', 'Sci-Fi', 'Shounen']",Completed
Gintama: Shinyaku Benizakura-hen,"['Action', 'Comedy', 'Historical', 'Parody', 'Samurai', 'Sci-Fi', 'Shounen']",Completed
Gintama: Shiroyasha Koutan,"['Action', 'Comedy', 'Historical', 'Parody', 'Sci-Fi']",Completed
Gintama: The Final,"['Action', 'Comedy', 'Drama', 'Gag Humor', 'Historical', 'Parody', 'Samurai', 'Sci-Fi', 'Shounen']",Completed
Gintama°,"['Action', 'Comedy', 'Gag Humor', 'Historical', 'Parody', 'Samurai', 'Sci-Fi', 'Shounen']",Completed
Gintama°: Aizome Kaori-hen,"['Comedy', 'Gag Humor', 'Parody', 'Shounen']",Completed
Goblin Slayer,"['Action', 'Adventure', 'Fantasy', 'Gore']",Completed
Goblin Slayer II,"['Action', 'Adventure', 'Fantasy', 'Gore']",Completed
Gokushufudou,"['Adult Cast', 'Comedy', 'Gag Humor', 'Organized Crime']",Completed
Golden Time,"['Adult Cast', 'Drama', 'Love Polygon', 'Romance']",Completed
Grand Blue,"['Adult Cast', 'Comedy', 'Gag Humor', 'Seinen']",Completed
Great Pretender,"['Action', 'Adult Cast', 'Adventure', 'Mystery', 'Organized Crime']",Completed
Great Teacher Onizuka,"['Comedy', 'Delinquents', 'School', 'Shounen', 'Workplace']",Completed
Haiyore! Nyaruko-san,"['Comedy', 'Parody', 'Sci-Fi']",Completed
Haiyore! Nyaruko-san F,"['Comedy', 'Parody', 'Romance', 'Sci-Fi']",Completed
Haiyore! Nyaruko-san W,"['Comedy', 'Parody', 'Sci-Fi']",Completed
Hametsu no Mars,"['Action', 'Gore', 'Horror', 'Military', 'Sci-Fi']",Completed
Handa-kun,"['Comedy', 'School', 'Shounen', 'Visual Arts']",Completed
Happy Sugar Life,"['Drama', 'Girls Love', 'Gore', 'Horror', 'Psychological', 'Shounen', 'Suspense']",Completed
Hataage! Kemono Michi,"['Anthropomorphic', 'Comedy', 'Fantasy', 'Isekai', 'Shounen']",Completed
Hataraku Maou-sama!,"['Comedy', 'Supernatural']",Completed
Hataraku Maou-sama!!,"['Comedy', 'Supernatural']",Completed
Hataraku Maou-sama!! 2nd Season,"['Comedy', 'Supernatural']",Completed
Hatsukoi Limited.,"['Comedy', 'Romance', 'School', 'Shounen']",Completed
"Hazurewaku no ""Joutai Ijou Skill"" de Saikyou ni Natta Ore ga Subete wo Juurin suru made","['Action', 'Adventure', 'Fantasy', 'Isekai']",Completed
Henjin no Salad Bowl,"['Comedy', 'Fantasy', 'Urban Fantasy']",Completed
Hentai Ouji to Warawanai Neko.,"['Comedy', 'Harem', 'Romance', 'School', 'Supernatural']",Completed
Hige wo Soru. Soshite Joshikousei wo Hirou.,"['Drama', 'Romance']",Completed
High School DxD,"['Action', 'Comedy', 'Ecchi', 'Harem', 'Mythology', 'Romance', 'School', 'Supernatural']",Completed
High School DxD BorN,"['Action', 'Comedy', 'Ecchi', 'Harem', 'Mythology', 'Romance', 'School', 'Supernatural']",Completed
High School DxD New,"['Action', 'Comedy', 'Ecchi', 'Harem', 'Mythology', 'Romance', 'School', 'Supernatural']",Completed
High School DxD OVA,"['Action', 'Comedy', 'Ecchi', 'Mythology', 'Romance', 'School', 'Supernatural']",Completed
High Score Girl,"['Comedy', 'Love Polygon', 'Love Status Quo', 'School', 'Seinen', 'Video Game']",Completed
High Score Girl II,"['Comedy', 'Love Polygon', 'Love Status Quo', 'School', 'Seinen', 'Video Game']",Completed
Highschool of the Dead,"['Action', 'Ecchi', 'Gore', 'Horror', 'Shounen', 'Supernatural', 'Survival', 'Suspense']",Completed
Higurashi no Naku Koro ni,"['Gore', 'Horror', 'Mystery', 'Psychological', 'Suspense']",Completed
Higurashi no Naku Koro ni Gou,"['Gore', 'Horror', 'Mystery', 'Psychological', 'Suspense']",Completed
Higurashi no Naku Koro ni Kai,"['Gore', 'Horror', 'Mystery', 'Psychological', 'Suspense']",Completed
Higurashi no Naku Koro ni Kai Specials,"['Comedy', 'Parody']",Completed
Higurashi no Naku Koro ni Kaku: Outbreak,"['Gore', 'Horror', 'Mystery', 'Psychological']",Completed
Higurashi no Naku Koro ni Kira,"['Comedy', 'Mystery', 'Parody']",Completed
Higurashi no Naku Koro ni Rei,"['Gore', 'Horror', 'Mystery', 'Psychological', 'Suspense']",Completed
Higurashi no Naku Koro ni Sotsu,"['Gore', 'Horror', 'Mystery', 'Psychological', 'Suspense']",Completed
Higurashi no Naku Koro ni Special: Nekogoroshi-hen,['Mystery'],Completed
Himouto! Umaru-chan,"['Comedy', 'Otaku Culture', 'School', 'Seinen']",Completed
Himouto! Umaru-chan R,"['Comedy', 'Otaku Culture', 'School', 'Seinen']",Completed
Hinamatsuri,"['Childcare', 'Comedy', 'Organized Crime', 'Seinen', 'Super Power']",Completed
Hitoribocchi no Marumaru Seikatsu,"['CGDCT', 'Comedy', 'School', 'Shounen']",Completed
Horimiya,"['Romance', 'School', 'Shounen']",Completed
Hotarubi no Mori e,"['Award Winning', 'Drama', 'Romance', 'Shoujo', 'Supernatural']",Completed
Howl no Ugoku Shiro,"['Adventure', 'Award Winning', 'Drama', 'Fantasy', 'Romance']",Completed
Hyouka,"['Mystery', 'School', 'Slice of Life']",Completed
Hyouka: Motsubeki Mono wa,"['Mystery', 'School', 'Slice of Life']",Completed
"Ijiranaide, Nagatoro-san","['Comedy', 'Love Status Quo', 'School']",Completed
"Ijiranaide, Nagatoro-san 2nd Attack","['Comedy', 'Love Status Quo', 'School']",Completed
Imouto sae Ireba Ii.,"['Adult Cast', 'Comedy', 'Ecchi', 'Otaku Culture', 'Romance', 'Workplace']",Completed
Inou-Battle wa Nichijou-kei no Naka de,"['Comedy', 'Harem', 'School', 'Super Power']",Completed
Inu to Hasami wa Tsukaiyou,"['Comedy', 'Reincarnation', 'Supernatural']",Completed
Inuyashiki,"['Action', 'Drama', 'Gore', 'Psychological', 'Sci-Fi', 'Seinen', 'Suspense']",Completed
Isekai Maou to Shoukan Shoujo no Dorei Majutsu,"['Action', 'Comedy', 'Ecchi', 'Fantasy', 'Harem', 'Isekai', 'Romance']",Completed
Isekai Ojisan,"['Adult Cast', 'Comedy', 'Fantasy', 'Isekai', 'Otaku Culture', 'Parody']",Completed
Isekai Quartet,"['Comedy', 'Fantasy', 'Isekai', 'Parody']",Completed
Isekai Quartet 2,"['Comedy', 'Fantasy', 'Isekai', 'Parody']",Completed
Isekai Shikkaku,"['Adventure', 'Comedy', 'Fantasy', 'Isekai', 'Parody']",Completed
Itai no wa Iya nanode Bougyoryoku ni Kyokufuri Shitai to Omoimasu.,"['Action', 'Adventure', 'Comedy', 'Fantasy', 'Video Game']",Completed
Itsudatte Bokura no Koi wa 10 cm Datta.,"['Drama', 'Romance', 'School', 'Visual Arts']",Completed
Jahy-sama wa Kujikenai!,"['Comedy', 'Shounen', 'Supernatural']",Completed
Jaku-Chara Tomozaki-kun,"['Drama', 'Romance', 'School']",Completed
Jaku-Chara Tomozaki-kun 2nd Stage,"['Drama', 'Romance', 'School']",Completed
Jibaku Shounen Hanako-kun,"['School', 'Shounen', 'Supernatural']",Completed
Jiisan Baasan Wakagaeru,"['Comedy', 'Romance', 'Supernatural']",Completed
Jitsu wa Watashi wa,"['Comedy', 'Harem', 'Romance', 'School', 'Shounen', 'Supernatural', 'Vampire']",Completed
Joshikausei,"['CGDCT', 'Comedy', 'School', 'Slice of Life']",Completed
Joshikousei no Mudazukai,"['CGDCT', 'Comedy', 'Gag Humor', 'School']",Completed
Joshiraku,"['Adult Cast', 'Comedy', 'Gag Humor', 'Parody', 'Performing Arts', 'Shounen']",Completed
Jujutsu Kaisen,"['Action', 'Award Winning', 'School', 'Shounen', 'Supernatural']",Completed
Jujutsu Kaisen 2nd Season,"['Action', 'Gore', 'School', 'Shounen', 'Supernatural']",Completed
Kage no Jitsuryokusha ni Naritakute!,"['Action', 'Comedy', 'Fantasy', 'Isekai', 'Reincarnation']",Completed
Kage no Jitsuryokusha ni Naritakute! 2nd Season,"['Action', 'Comedy', 'Fantasy', 'Isekai', 'Reincarnation']",Completed
Kaguya-hime no Monogatari,"['Award Winning', 'Fantasy', 'Historical']",Completed
Kaguya-sama wa Kokurasetai: First Kiss wa Owaranai,"['Comedy', 'Drama', 'Romance', 'School', 'Seinen']",Completed
Kaguya-sama wa Kokurasetai: Tensai-tachi no Renai Zunousen,"['Comedy', 'Romance', 'School', 'Seinen']",Completed
Kaguya-sama wa Kokurasetai: Ultra Romantic,"['Comedy', 'Romance', 'School', 'Seinen']",Completed
Kaguya-sama wa Kokurasetai? Tensai-tachi no Renai Zunousen,"['Comedy', 'Romance', 'School', 'Seinen']",Completed
Kaifuku Jutsushi no Yarinaoshi,"['Action', 'Adventure', 'Drama', 'Erotica', 'Fantasy', 'Gore', 'Harem', 'Time Travel']",Completed
Kakegurui,"['Drama', 'High Stakes Game', 'Mystery', 'Psychological', 'School', 'Shounen', 'Strategy Game', 'Suspense']",Completed
Kakegurui××,"['Drama', 'High Stakes Game', 'Mystery', 'Psychological', 'School', 'Shounen', 'Strategy Game', 'Suspense']",Completed
Kakushigoto,"['Childcare', 'Comedy', 'Gag Humor', 'Otaku Culture', 'Shounen', 'Workplace']",Completed
Kami nomi zo Shiru Sekai,"['Comedy', 'Harem', 'Otaku Culture', 'Romance', 'Shounen', 'Supernatural']",Completed
Kami nomi zo Shiru Sekai II,"['Comedy', 'Harem', 'Otaku Culture', 'Romance', 'Shounen', 'Supernatural']",Completed
Kami nomi zo Shiru Sekai: Megami-hen,"['Comedy', 'Harem', 'Otaku Culture', 'Romance', 'Shounen', 'Supernatural']",Completed
"Kanojo, Okarishimasu","['Adult Cast', 'Comedy', 'Harem', 'Romance', 'Shounen']",Completed
Kanokon: Manatsu no Dai Shanikusai,"['Ecchi', 'Romance']",Completed
Karakai Jouzu no Takagi-san,"['Comedy', 'Love Status Quo', 'School', 'Shounen']",Completed
Karakai Jouzu no Takagi-san 2,"['Comedy', 'Love Status Quo', 'School', 'Shounen']",Completed
Kawaii dake ja Nai Shikimori-san,"['Comedy', 'Romance', 'School']",Completed
Kawaikereba Hentai demo Suki ni Natte Kuremasu ka?,"['Comedy', 'Ecchi', 'Harem', 'Romance', 'School']",Completed
Kimetsu no Yaiba,"['Action', 'Award Winning', 'Historical', 'Shounen', 'Supernatural']",Completed
Kimetsu no Yaiba Movie: Mugen Ressha-hen,"['Action', 'Historical', 'Shounen', 'Supernatural']",Completed
Kimetsu no Yaiba: Yuukaku-hen,"['Action', 'Historical', 'Shounen', 'Supernatural']",Completed
Kimi ni Todoke,"['Drama', 'Romance', 'School', 'Shoujo']",Completed
Kimi no Koto ga Daidaidaidaidaisuki na 100-nin no Kanojo,"['Comedy', 'Harem', 'Parody', 'Romance', 'School', 'Seinen']",Completed
Kimi no Na wa.,"['Award Winning', 'Drama']",Completed
Kimi no Suizou wo Tabetai,"['Drama', 'Romance', 'School']",Completed
Kinsou no Vermeil: Gakeppuchi Majutsushi wa Saikyou no Yakusai to Mahou Sekai wo Tsukisusumu,"['Ecchi', 'Fantasy', 'School', 'Shounen']",Completed
Kiseijuu: Sei no Kakuritsu,"['Action', 'Gore', 'Horror', 'Psychological', 'Sci-Fi', 'Seinen', 'Suspense']",Completed
Kishuku Gakkou no Juliet,"['Action', 'Comedy', 'Romance', 'School', 'Shounen']",Completed
Kobayashi-san Chi no Maid Dragon,"['Slice of Life', 'Supernatural']",Completed
"Kobayashi-san Chi no Maid Dragon: Valentine, Soshite Onsen! - Amari Kitai Shinaide Kudasai","['Slice of Life', 'Supernatural']",Completed
Koe no Katachi,"['Award Winning', 'Drama', 'Shounen']",Completed
Koi to Senkyo to Chocolate,"['Drama', 'Harem', 'Romance', 'School']",Completed
Koi to Uso,"['Drama', 'Love Polygon', 'Romance', 'School']",Completed
Koi to Yobu ni wa Kimochi Warui,"['Comedy', 'Romance', 'School']",Completed
Kokuhaku,['Horror'],Completed
Kono Bijutsu-bu ni wa Mondai ga Aru!,"['Comedy', 'Romance', 'School', 'Seinen', 'Visual Arts']",Completed
Kono Subarashii Sekai ni Bakuen wo!,"['Comedy', 'Fantasy']",Completed
Kono Subarashii Sekai ni Shukufuku wo!,"['Adventure', 'Comedy', 'Fantasy', 'Isekai', 'Parody']",Completed
Kono Subarashii Sekai ni Shukufuku wo! 2,"['Adventure', 'Comedy', 'Fantasy', 'Isekai', 'Parody']",Completed
Kono Subarashii Sekai ni Shukufuku wo! 2: Kono Subarashii Geijutsu ni Shukufuku wo!,"['Adventure', 'Comedy', 'Fantasy', 'Isekai', 'Parody']",Completed
Kono Subarashii Sekai ni Shukufuku wo! 3,"['Adventure', 'Comedy', 'Fantasy', 'Isekai', 'Parody']",Completed
Kono Subarashii Sekai ni Shukufuku wo! Movie: Kurenai Densetsu,"['Adventure', 'Comedy', 'Fantasy', 'Isekai', 'Parody']",Completed
Kono Subarashii Sekai ni Shukufuku wo!: Kono Subarashii Choker ni Shukufuku wo!,"['Comedy', 'Fantasy', 'Isekai', 'Parody']",Completed
Kono Yo no Hate de Koi wo Utau Shoujo YU-NO,"['Drama', 'Sci-Fi']",Completed
"Konyaku Haki sareta Reijou wo Hirotta Ore ga, Ikenai Koto wo Oshiekomu","['Comedy', 'Fantasy', 'Romance']",Completed
Kore wa Zombie desu ka?,"['Action', 'Comedy', 'Ecchi', 'Fantasy', 'Harem', 'Urban Fantasy', 'Vampire']",Completed
Kore wa Zombie desu ka? of the Dead,"['Action', 'Comedy', 'Ecchi', 'Fantasy', 'Harem', 'Urban Fantasy', 'Vampire']",Completed
Kuzu no Honkai,"['Drama', 'Love Polygon', 'Romance', 'School', 'Seinen']",Completed
Kyokou Suiri,"['Adult Cast', 'Mystery', 'Mythology', 'Romance', 'Shounen', 'Supernatural']",Completed
Kyoukai no Kanata,"['Action', 'School', 'Supernatural']",Completed
Kyuukyoku Shinka shita Full Dive RPG ga Genjitsu yori mo Kusoge Dattara,"['Action', 'Comedy', 'Fantasy', 'Video Game']",Completed
Level 1 dakedo Unique Skill de Saikyou desu,"['Adventure', 'Fantasy', 'Harem', 'Isekai', 'Reincarnation']",Completed
Log Horizon,"['Action', 'Adult Cast', 'Adventure', 'Fantasy', 'Video Game']",Completed
Lv1 Maou to One Room Yuusha,"['Comedy', 'Fantasy', 'Urban Fantasy']",Completed
Lv2 kara Cheat datta Motoyuusha Kouho no Mattari Isekai Life,"['Adventure', 'Fantasy', 'Isekai', 'Romance']",Completed
Mairimashita! Iruma-kun,"['Comedy', 'Fantasy', 'Isekai', 'School', 'Shounen']",Completed
Majo no Tabitabi,"['Adventure', 'Fantasy']",Completed
Majo to Yajuu,"['Action', 'Adult Cast', 'Fantasy', 'Gore', 'Seinen', 'Urban Fantasy']",Completed
Mamahaha no Tsurego ga Motokano datta,"['Comedy', 'Romance']",Completed
Mangaka-san to Assistant-san to The Animation,"['Comedy', 'Ecchi', 'Harem', 'Seinen']",Completed
Mangaka-san to Assistant-san to The Animation Specials,"['Comedy', 'Ecchi', 'Harem', 'Seinen']",Completed
"Maou Gakuin no Futekigousha: Shijou Saikyou no Maou no Shiso, Tensei shite Shison-tachi no Gakkou e Kayou","['Action', 'Fantasy', 'Reincarnation', 'School']",Completed
"Maou no Ore ga Dorei Elf wo Yome ni Shitanda ga, Dou Medereba Ii?","['Action', 'Fantasy', 'Romance']",Completed
"Maou-sama, Retry!","['Action', 'Adventure', 'Fantasy', 'Isekai']",Completed
Maoujou de Oyasumi,"['Comedy', 'Fantasy', 'Parody', 'Shounen']",Completed
Maria†Holic,"['Comedy', 'Crossdressing', 'Girls Love', 'Parody', 'School', 'Seinen']",Completed
Maria†Holic Alive,"['Comedy', 'Crossdressing', 'Girls Love', 'Parody', 'School', 'Seinen']",Completed
Masamune-kun no Revenge,"['Comedy', 'Harem', 'Romance', 'School', 'Shounen']",Completed
Masamune-kun no Revenge R,"['Comedy', 'Harem', 'Romance', 'School', 'Shounen']",Completed
"Masamune-kun no Revenge: Uchi no Mama ni Kagitte/Tsunade Shima, Futatabi./12-Ji wo Sugita Cinderella","['Comedy', 'Harem', 'Romance', 'School', 'Shounen']",Completed
Mashle,"['Action', 'Comedy', 'Fantasy', 'Gag Humor', 'Parody', 'School', 'Shounen']",Completed
Mashle: Shinkakusha Kouho Senbatsu Shiken-hen,"['Action', 'Comedy', 'Fantasy', 'Gag Humor', 'Parody', 'School', 'Shounen']",Completed
Mato Seihei no Slave,"['Action', 'Ecchi', 'Fantasy', 'Harem', 'Shounen', 'Urban Fantasy']",Completed
Meikyuu Black Company,"['Comedy', 'Fantasy', 'Isekai']",Completed
Midara na Ao-chan wa Benkyou ga Dekinai,"['Comedy', 'Ecchi', 'Romance', 'School', 'Shounen']",Completed
Mieruko-chan,"['Comedy', 'Horror', 'School']",Completed
Mikakunin de Shinkoukei,"['Comedy', 'Romance', 'School', 'Supernatural']",Completed
Mirai Nikki,"['Action', 'High Stakes Game', 'Shounen', 'Supernatural', 'Survival', 'Suspense']",Completed
Mirai Nikki (TV),"['Action', 'Gore', 'High Stakes Game', 'Psychological', 'Shounen', 'Supernatural', 'Survival', 'Suspense']",Completed
Mirai Nikki: Redial,"['Psychological', 'Shounen', 'Supernatural', 'Suspense']",Completed
MM!,"['Comedy', 'Ecchi', 'Harem', 'School']",Completed
Mob Psycho 100,"['Action', 'Comedy', 'Supernatural']",Completed
Mob Psycho 100 II,"['Action', 'Comedy', 'Supernatural']",Completed
Momokuri,"['Comedy', 'Romance', 'School']",Completed
Monster,"['Adult Cast', 'Drama', 'Mystery', 'Psychological', 'Seinen', 'Suspense']",Completed
Monster Musume no Iru Nichijou,"['Anthropomorphic', 'Comedy', 'Ecchi', 'Fantasy', 'Harem', 'Romance', 'Seinen', 'Urban Fantasy']",Completed
Munou na Nana,"['Psychological', 'Shounen', 'Super Power', 'Suspense']",Completed
Mushoku Tensei: Isekai Ittara Honki Dasu,"['Adventure', 'Drama', 'Ecchi', 'Fantasy', 'Isekai', 'Reincarnation']",Completed
Mushoku Tensei: Isekai Ittara Honki Dasu Part 2,"['Adventure', 'Drama', 'Ecchi', 'Fantasy', 'Isekai', 'Reincarnation']",Completed
Nakitai Watashi wa Neko wo Kaburu,"['Award Winning', 'Drama', 'Romance', 'School', 'Supernatural']",Completed
Nanatsu no Taizai,"['Action', 'Adventure', 'Fantasy', 'Shounen']",Completed
Nanatsu no Taizai Movie 1: Tenkuu no Torawarebito,"['Action', 'Adventure', 'Fantasy', 'Shounen']",Completed
Nanatsu no Taizai OVA,"['Action', 'Adventure', 'Fantasy', 'Shounen']",Completed
Nanatsu no Taizai: Imashime no Fukkatsu,"['Action', 'Adventure', 'Fantasy', 'Shounen']",Completed
Naruto,"['Action', 'Adventure', 'Fantasy', 'Martial Arts', 'Shounen']",Completed
Naruto: Shippuuden,"['Action', 'Adventure', 'Fantasy', 'Martial Arts', 'Shounen']",Completed
Net-juu no Susume,"['Adult Cast', 'Comedy', 'Romance', 'Video Game']",Completed
Netoge no Yome wa Onnanoko ja Nai to Omotta?,"['Comedy', 'Ecchi', 'Otaku Culture', 'Romance', 'School', 'Video Game']",Completed
New Game!,"['Adult Cast', 'CGDCT', 'Comedy', 'Otaku Culture', 'Workplace']",Completed
NHK ni Youkoso!,"['Adult Cast', 'Comedy', 'Drama', 'Otaku Culture', 'Psychological', 'Romance', 'Suspense']",Completed
Nisekoi,"['Comedy', 'Harem', 'Romance', 'School', 'Shounen']",Completed
Nisekoi OVA,"['Comedy', 'Harem', 'Romance', 'School', 'Shounen']",Completed
Nisekoi:,"['Comedy', 'Harem', 'Romance', 'School', 'Shounen']",Completed
Nisekoi: OVA,"['Comedy', 'Harem', 'Parody', 'Romance', 'Shounen']",Completed
No Game No Life,"['Comedy', 'Ecchi', 'Fantasy', 'Isekai', 'Strategy Game']",Completed
No Game No Life: Zero,"['Drama', 'Fantasy', 'Isekai', 'Romance']",Completed
Noragami,"['Action', 'Mythology', 'Shounen', 'Supernatural']",Completed
Noragami Aragoto,"['Action', 'Mythology', 'Shounen', 'Supernatural']",Completed
Noragami OVA,"['Comedy', 'Mythology', 'School', 'Shounen', 'Supernatural']",Completed
Nozomanu Fushi no Boukensha,"['Action', 'Adventure', 'Fantasy']",Completed
One Punch Man,"['Action', 'Adult Cast', 'Comedy', 'Parody', 'Seinen', 'Super Power']",Completed
One Punch Man 2nd Season,"['Action', 'Adult Cast', 'Comedy', 'Parody', 'Seinen', 'Super Power']",Completed
One Punch Man: Road to Hero,"['Action', 'Comedy', 'Parody', 'Seinen', 'Super Power']",Completed
"One Room, Hiatari Futsuu, Tenshi-tsuki.","['Comedy', 'Harem', 'Mythology', 'Romance', 'School', 'Shounen', 'Supernatural']",Completed
Onegai☆Teacher,"['Drama', 'Romance', 'School', 'Sci-Fi']",Completed
Onegai☆Teacher: Himitsu na Futari,"['Comedy', 'Ecchi', 'Romance', 'Sci-Fi']",Completed
Ookami Shoujo to Kuro Ouji,"['Comedy', 'Romance', 'School', 'Shoujo']",Completed
Ookami Shoujo to Kuro Ouji: Gishinanki – Happening Kiss,"['Comedy', 'Romance', 'School', 'Shoujo']",Completed
Ookami-san to Shichinin no Nakama-tachi,"['Comedy', 'Parody', 'Romance']",Completed
Orange,"['Drama', 'Love Polygon', 'Romance', 'School', 'Sci-Fi', 'Shoujo', 'Time Travel']",Completed
Ore dake Haireru Kakushi Dungeon,"['Action', 'Adventure', 'Ecchi', 'Fantasy', 'Harem']",Completed
Ore dake Level Up na Ken,"['Action', 'Adult Cast', 'Adventure', 'Fantasy', 'Urban Fantasy']",Completed
"Ore ga Ojousama Gakkou ni ""Shomin Sample"" Toshite Gets♥Sareta Ken","['Comedy', 'Ecchi', 'Harem', 'Romance', 'School']",Completed
"Ore ga Ojousama Gakkou ni ""Shomin Sample"" Toshite Gets♥Sareta Ken Specials","['Comedy', 'Ecchi', 'Harem', 'Romance', 'School']",Completed
Ore ga Suki nano wa Imouto dakedo Imouto ja Nai,"['Comedy', 'Ecchi', 'Romance']",Completed
Ore Monogatari!!,"['Comedy', 'Romance', 'Shoujo']",Completed
Ore no Imouto ga Konnani Kawaii Wake ga Nai,"['Comedy', 'Otaku Culture']",Completed
Ore no Imouto ga Konnani Kawaii Wake ga Nai Specials,"['Comedy', 'Otaku Culture', 'Romance']",Completed
Ore no Imouto ga Konnani Kawaii Wake ga Nai.,"['Comedy', 'Otaku Culture', 'Romance']",Completed
Ore no Imouto ga Konnani Kawaii Wake ga Nai. Specials,"['Comedy', 'Otaku Culture', 'Romance']",Completed
Ore no Kanojo to Osananajimi ga Shuraba Sugiru,"['Comedy', 'Harem', 'Romance', 'School']",Completed
"Ore wa Subete wo ""Parry"" suru: Gyaku Kanchigai no Sekai Saikyou wa Boukensha ni Naritai","['Action', 'Adventure', 'Fantasy']",Completed
Ore wo Suki nano wa Omae dake ka yo,"['Comedy', 'Harem', 'Romance', 'School']",Completed
Ore wo Suki nano wa Omae dake ka yo: Ore wa Teinei ni Susumeru,"['Comedy', 'Romance', 'School']",Completed
Oroka na Tenshi wa Akuma to Odoru,"['Comedy', 'Love Status Quo', 'Mythology', 'School', 'Seinen', 'Supernatural']",Completed
Osake wa Fuufu ni Natte kara,"['Adult Cast', 'Comedy', 'Gourmet', 'Romance']",Completed
Oshiete! Galko-chan,"['Comedy', 'School']",Completed
Oshiete! Galko-chan: Natsuyasumi tte Hontou desu ka?,['Comedy'],Completed
Osomatsu-san,"['Comedy', 'Gag Humor', 'Parody']",Completed
Osomatsu-san Special,"['Comedy', 'Gag Humor', 'Parody']",Completed
Otome Game no Hametsu Flag shika Nai Akuyaku Reijou ni Tensei shiteshimatta...,"['Comedy', 'Fantasy', 'Isekai', 'Reverse Harem', 'Romance', 'School', 'Shoujo', 'Villainess']",Completed
Otome Game Sekai wa Mob ni Kibishii Sekai desu,"['Action', 'Fantasy', 'Harem', 'Isekai', 'Mecha', 'Reincarnation', 'Romance', 'School']",Completed
Otonari ni Ginga,"['Childcare', 'Otaku Culture', 'Romance', 'Seinen', 'Supernatural']",Completed
Ousama Ranking,"['Adventure', 'Fantasy']",Completed
Outbreak Company,"['Comedy', 'Fantasy', 'Harem', 'Isekai', 'Otaku Culture', 'Parody']",Completed
Overlord,"['Action', 'Adventure', 'Fantasy', 'Isekai']",Completed
Overlord II,"['Action', 'Adventure', 'Fantasy', 'Isekai']",Completed
Overlord III,"['Action', 'Adventure', 'Fantasy', 'Isekai']",Completed
Overlord IV,"['Action', 'Adventure', 'Fantasy', 'Isekai']",Completed
Overlord: Ple Ple Pleiades,"['Action', 'Comedy', 'Fantasy', 'Isekai']",Completed
Overlord: Ple Ple Pleiades - Nazarick Saidai no Kiki,"['Action', 'Comedy', 'Fantasy', 'Isekai']",Completed
Owari no Seraph,"['Action', 'Drama', 'Fantasy', 'Military', 'Shounen', 'Urban Fantasy', 'Vampire']",Completed
Owari no Seraph: Nagoya Kessen-hen,"['Action', 'Drama', 'Fantasy', 'Military', 'Shounen', 'Urban Fantasy', 'Vampire']",Completed
Plastic Memories,"['Drama', 'Romance', 'Sci-Fi']",Completed
Prison School: Mad Wax,"['Comedy', 'Ecchi', 'Gag Humor', 'School', 'Seinen']",Completed
Rakudai Kishi no Cavalry,"['Action', 'Ecchi', 'Fantasy', 'Romance', 'School', 'Urban Fantasy']",Completed
Re:Zero kara Hajimeru Isekai Seikatsu,"['Drama', 'Fantasy', 'Isekai', 'Psychological', 'Suspense', 'Time Travel']",Completed
Re:Zero kara Hajimeru Isekai Seikatsu - Hyouketsu no Kizuna,"['Drama', 'Fantasy', 'Psychological', 'Suspense']",Completed
Re:Zero kara Hajimeru Isekai Seikatsu - Memory Snow,"['Fantasy', 'Isekai']",Completed
Re:Zero kara Hajimeru Isekai Seikatsu 2nd Season,"['Drama', 'Fantasy', 'Isekai', 'Psychological', 'Suspense', 'Time Travel']",Completed
ReLIFE,"['Drama', 'Romance', 'School']",Completed
ReLIFE: Kanketsu-hen,"['Drama', 'Romance', 'School']",Completed
Renai Boukun,"['Comedy', 'Harem', 'Romance', 'School', 'Supernatural']",Completed
Renai Flops,"['Comedy', 'Ecchi', 'Harem', 'Romance', 'School', 'Sci-Fi']",Completed
Rikei ga Koi ni Ochita no de Shoumei shitemita.,"['Adult Cast', 'Comedy', 'Romance']",Completed
Romantic Killer,"['Comedy', 'Parody', 'Reverse Harem', 'Romance', 'Shounen', 'Supernatural']",Completed
Runway de Waratte,"['Drama', 'School', 'Shounen', 'Showbiz', 'Visual Arts']",Completed
Saenai Heroine no Sodatekata,"['Comedy', 'Ecchi', 'Harem', 'Otaku Culture', 'Romance', 'School']",Completed
Saenai Heroine no Sodatekata ♭,"['Comedy', 'Ecchi', 'Harem', 'Otaku Culture', 'Romance', 'School']",Completed
Saenai Heroine no Sodatekata Fine,"['Comedy', 'Harem', 'Otaku Culture', 'Romance', 'School']",Completed
Saiki Kusuo no Ψ-nan,"['Comedy', 'Gag Humor', 'School', 'Shounen', 'Super Power']",Completed
Saiki Kusuo no Ψ-nan (ONA),"['Comedy', 'School', 'Shounen', 'Super Power']",Completed
Saiki Kusuo no Ψ-nan 2,"['Comedy', 'Gag Humor', 'School', 'Shounen', 'Super Power']",Completed
Saiki Kusuo no Ψ-nan: Ψ-shidou-hen,"['Comedy', 'Gag Humor', 'School', 'Shounen', 'Super Power']",Completed
Saiki Kusuo no Ψ-nan: Kanketsu-hen,"['Comedy', 'Gag Humor', 'School', 'Shounen', 'Super Power']",Completed
Saikin Yatotta Maid ga Ayashii,"['Comedy', 'Love Status Quo', 'Romance', 'Shounen']",Completed
Sakamoto desu ga?,"['Comedy', 'Gag Humor', 'School', 'Seinen']",Completed
Sakamoto desu ga? Sakamoto deshita?,"['Comedy', 'Gag Humor', 'School', 'Seinen']",Completed
Sakura Trick,"['Comedy', 'Girls Love', 'School', 'Seinen']",Completed
Sakura-sou no Pet na Kanojo,"['Drama', 'Romance', 'School', 'Visual Arts']",Completed
Sankarea OVA,"['Comedy', 'Ecchi', 'Horror', 'Love Polygon', 'Romance', 'Shounen', 'Supernatural']",Completed
Sankarea: Wagahai mo... Zombie de Aru...,"['Comedy', 'Ecchi', 'Horror', 'Love Polygon', 'Romance', 'Shounen', 'Supernatural']",Completed
Sasaki to Pii-chan,"['Adventure', 'Comedy', 'Fantasy', 'Isekai']",Completed
Sayonara Zetsubou Sensei,"['Comedy', 'Gag Humor', 'Parody', 'School', 'Shounen']",Completed
School Days,"['Drama', 'Harem', 'Romance', 'School']",Completed
School Rumble,"['Comedy', 'Gag Humor', 'Love Polygon', 'Romance', 'School', 'Shounen']",Completed
"Seija Musou: Salaryman, Isekai de Ikinokoru Tame ni Ayumu Michi","['Adventure', 'Comedy', 'Fantasy', 'Isekai', 'Reincarnation']",Completed
Seishun Buta Yarou wa Bunny Girl Senpai no Yume wo Minai,"['Drama', 'Romance', 'School', 'Supernatural']",Completed
Seishun Buta Yarou wa Yumemiru Shoujo no Yume wo Minai,"['Drama', 'Romance', 'School', 'Supernatural']",Completed
Seitokai no Ichizon,"['Comedy', 'Harem', 'Parody', 'School']",Completed
Seitokai no Ichizon Lv.2,"['Comedy', 'Harem', 'Parody', 'School']",Completed
Seitokai Yakuindomo,"['Comedy', 'Gag Humor', 'School', 'Shounen']",Completed
Sekai Seifuku: Bouryaku no Zvezda,"['Action', 'Comedy', 'Fantasy', 'Sci-Fi', 'Super Power']",Completed
Senpai ga Uzai Kouhai no Hanashi,"['Adult Cast', 'Comedy', 'Love Status Quo', 'Workplace']",Completed
Senryuu Shoujo,"['Comedy', 'Love Status Quo', 'School', 'Shounen']",Completed
"Sentouin, Hakenshimasu!","['Action', 'Comedy', 'Fantasy', 'Isekai', 'Sci-Fi']",Completed
Serial Experiments Lain,"['Avant Garde', 'Award Winning', 'Drama', 'Mystery', 'Psychological', 'Sci-Fi', 'Supernatural', 'Suspense']",Completed
Servant x Service,"['Adult Cast', 'Comedy', 'Seinen', 'Workplace']",Completed
Seto no Hanayome,"['Comedy', 'Organized Crime', 'Parody', 'Romance', 'School', 'Shounen', 'Supernatural']",Completed
Seto no Hanayome OVA,"['Comedy', 'Organized Crime', 'Parody', 'Romance', 'School', 'Shounen', 'Supernatural']",Completed
Seto no Hanayome OVA Specials,"['Comedy', 'Parody', 'School']",Completed
Sewayaki Kitsune no Senko-san,"['Iyashikei', 'Slice of Life', 'Supernatural']",Completed
Shigatsu wa Kimi no Uso,"['Drama', 'Love Polygon', 'Music', 'Romance', 'School', 'Shounen']",Completed
Shigatsu wa Kimi no Uso: Moments,"['Music', 'Shounen']",Completed
"Shijou Saikyou no Daimaou, Murabito A ni Tensei suru","['Action', 'Fantasy', 'Harem', 'Reincarnation', 'School']",Completed
Shimoneta to Iu Gainen ga Sonzai Shinai Taikutsu na Sekai,"['Comedy', 'Ecchi', 'Gag Humor', 'School']",Completed
Shinchou Yuusha: Kono Yuusha ga Ore Tueee Kuse ni Shinchou Sugiru,"['Action', 'Adventure', 'Comedy', 'Fantasy', 'Isekai', 'Parody']",Completed
Shinseiki Evangelion,"['Action', 'Avant Garde', 'Award Winning', 'Drama', 'Mecha', 'Psychological', 'Sci-Fi', 'Suspense']",Completed
"Shinseiki Evangelion Movie: Air/Magokoro wo, Kimi ni","['Action', 'Avant Garde', 'Drama', 'Mecha', 'Psychological', 'Sci-Fi', 'Suspense']",Completed
"Sokushi Cheat ga Saikyou sugite, Isekai no Yatsura ga Marude Aite ni Naranai n desu ga.","['Action', 'Adventure', 'Comedy', 'Fantasy', 'Isekai', 'Parody']",Completed
Sono Bisque Doll wa Koi wo Suru,"['Otaku Culture', 'Romance', 'School', 'Seinen']",Completed
Sounan desu ka?,"['Adventure', 'CGDCT', 'Comedy', 'Seinen', 'Survival', 'Suspense']",Completed
Sousou no Frieren,"['Adventure', 'Drama', 'Fantasy', 'Shounen']",Completed
Special A,"['Comedy', 'Romance', 'School', 'Shoujo']",Completed
Spy x Family,"['Action', 'Award Winning', 'Childcare', 'Comedy', 'Shounen', 'Super Power']",Completed
Summertime Render,"['Mystery', 'Shounen', 'Supernatural', 'Suspense', 'Time Travel']",Completed
Suntory Minami Alps no Tennensui,['Slice of Life'],Completed
Sword Art Online,"['Action', 'Adventure', 'Fantasy', 'Love Polygon', 'Romance', 'Video Game']",Completed
Sword Art Online Alternative: Gun Gale Online,"['Action', 'Military', 'Video Game']",Completed
Sword Art Online II,"['Action', 'Adventure', 'Fantasy', 'Love Polygon', 'Romance', 'Video Game']",Completed
Sword Art Online Movie: Ordinal Scale,"['Action', 'Adventure', 'Sci-Fi', 'Video Game']",Completed
Sword Art Online: Alicization,"['Action', 'Adventure', 'Fantasy', 'Video Game']",Completed
Tada-kun wa Koi wo Shinai,"['Comedy', 'Romance', 'School', 'Visual Arts']",Completed
Takanashi Rikka Kai: Chuunibyou demo Koi ga Shitai! Movie,"['Comedy', 'Romance', 'School']",Completed
Tanaka-kun wa Itsumo Kedaruge,"['Iyashikei', 'School', 'Slice of Life']",Completed
Tate no Yuusha no Nariagari,"['Action', 'Adventure', 'Drama', 'Fantasy', 'Isekai']",Completed
Tengoku Daimakyou,"['Adventure', 'Mystery', 'Sci-Fi', 'Seinen']",Completed
Tensai Ouji no Akaji Kokka Saisei Jutsu,"['Comedy', 'Fantasy']",Completed
"Tensei Kizoku, Kantei Skill de Nariagaru","['Adventure', 'Fantasy', 'Isekai', 'Reincarnation']",Completed
"Tensei shitara Dainana Ouji Datta node, Kimama ni Majutsu wo Kiwamemasu","['Adventure', 'Fantasy', 'Reincarnation']",Completed
Tensei shitara Ken deshita,"['Action', 'Adventure', 'Fantasy', 'Isekai', 'Reincarnation']",Completed
Tensei shitara Slime Datta Ken,"['Action', 'Comedy', 'Fantasy', 'Isekai', 'Reincarnation', 'Shounen']",Completed
Tenshi no 3P!,"['Music', 'School']",Completed
The Last: Naruto the Movie,"['Action', 'Adventure', 'Fantasy', 'Romance', 'Shounen']",Completed
Tokidoki Bosotto Russia-go de Dereru Tonari no Alya-san,"['Comedy', 'Romance', 'School']",Completed
Tokyo Ghoul,"['Action', 'Fantasy', 'Gore', 'Horror', 'Psychological', 'Seinen', 'Suspense', 'Urban Fantasy']",Completed
Tokyo Ghoul √A,"['Action', 'Fantasy', 'Gore', 'Horror', 'Psychological', 'Seinen', 'Suspense', 'Urban Fantasy']",Completed
Tokyo Ghoul:re,"['Action', 'Fantasy', 'Gore', 'Horror', 'Psychological', 'Seinen', 'Suspense', 'Urban Fantasy']",Completed
Tokyo Ghoul:re 2nd Season,"['Action', 'Fantasy', 'Gore', 'Horror', 'Psychological', 'Seinen', 'Suspense', 'Urban Fantasy']",Completed
Tokyo Revengers,"['Action', 'Delinquents', 'Drama', 'Shounen', 'Time Travel']",Completed
Tomo-chan wa Onnanoko!,"['Comedy', 'Romance', 'School']",Completed
Tomodachi Game,"['High Stakes Game', 'Psychological', 'Shounen', 'Strategy Game', 'Suspense']",Completed
Tonari no Kaibutsu-kun,"['Comedy', 'Romance', 'School', 'Shoujo']",Completed
Tonari no Seki-kun,"['Comedy', 'School', 'Seinen']",Completed
Tonikaku Kawaii,"['Comedy', 'Romance', 'Shounen']",Completed
Tonikaku Kawaii 2nd Season,"['Comedy', 'Romance', 'Shounen']",Completed
Tonikaku Kawaii: Kaisou,"['Comedy', 'Romance', 'Shounen']",Completed
Toradora!,"['Drama', 'Love Polygon', 'Romance', 'School']",Completed
Tsuki ga Kirei,"['Romance', 'School']",Completed
Tsurezure Children,"['Comedy', 'Romance', 'School', 'Shounen']",Completed
Tsurune: Kazemai Koukou Kyuudou-bu,"['School', 'Sports']",Completed
Tsuujou Kougeki ga Zentai Kougeki de Ni-kai Kougeki no Okaasan wa Suki desu ka?,"['Adventure', 'Comedy', 'Ecchi', 'Fantasy']",Completed
Ueno-san wa Bukiyou,"['Comedy', 'Love Status Quo', 'School', 'Seinen']",Completed
Undead Girl Murder Farce,"['Adult Cast', 'Detective', 'Fantasy', 'Historical', 'Mystery', 'Urban Fantasy', 'Vampire']",Completed
Undead Unluck,"['Action', 'Comedy', 'Shounen', 'Super Power']",Completed
Urusei Yatsura (2022),"['Comedy', 'Romance', 'Sci-Fi', 'Shounen']",Completed
Urusei Yatsura (2022) 2nd Season,"['Comedy', 'Romance', 'Sci-Fi', 'Shounen']",Completed
Usagi Drop,"['Childcare', 'Iyashikei', 'Josei', 'Slice of Life']",Completed
Usagi Drop Specials,"['Childcare', 'Iyashikei', 'Josei', 'Slice of Life']",Completed
Uzaki-chan wa Asobitai!,"['Adult Cast', 'Comedy', 'Love Status Quo', 'Romance']",Completed
Watashi ga Motenai no wa Dou Kangaetemo Omaera ga Warui!,"['Comedy', 'Otaku Culture', 'School']",Completed
"Watashi ga Motenai no wa Dou Kangaetemo Omaera ga Warui!: Motenaishi, Nazomeite Miru","['Comedy', 'Otaku Culture', 'School']",Completed
Working!!,"['Comedy', 'Love Status Quo', 'Seinen', 'Workplace']",Completed
Working!!!,"['Comedy', 'Romance', 'Seinen', 'Workplace']",Completed
Working'!!,"['Comedy', 'Love Status Quo', 'Seinen', 'Workplace']",Completed
Working'!! Announcement Specials,['Comedy'],Completed
Wotaku ni Koi wa Muzukashii,"['Adult Cast', 'Comedy', 'Otaku Culture', 'Romance', 'Workplace']",Completed
WWW.Working!!,"['Comedy', 'Workplace']",Completed
Yagate Kimi ni Naru,"['Drama', 'Girls Love', 'School']",Completed
Yahari Ore no Seishun Love Comedy wa Machigatteiru.,"['Comedy', 'Love Polygon', 'Romance', 'School']",Completed
Yahari Ore no Seishun Love Comedy wa Machigatteiru. OVA,"['Comedy', 'Love Polygon', 'Romance', 'School']",Completed
Yahari Ore no Seishun Love Comedy wa Machigatteiru. Zoku,"['Comedy', 'Love Polygon', 'Romance', 'School']",Completed
Yakusoku no Neverland,"['Mystery', 'Psychological', 'Shounen', 'Survival', 'Suspense']",Completed
Yamada-kun to 7-nin no Majo,"['Comedy', 'Harem', 'Mystery', 'Romance', 'School', 'Shounen', 'Supernatural']",Completed
Yesterday wo Utatte,"['Adult Cast', 'Drama', 'Love Polygon', 'Romance', 'Seinen']",Completed
Yofukashi no Uta,"['Romance', 'Shounen', 'Supernatural', 'Vampire']",Completed
Youjo Senki,"['Action', 'Fantasy', 'Isekai', 'Military', 'Reincarnation']",Completed
Youjo Senki: Sabaku no Pasta Daisakusen,"['Action', 'Fantasy', 'Isekai', 'Military', 'Reincarnation']",Completed
Youkoso Jitsuryoku Shijou Shugi no Kyoushitsu e,"['Drama', 'Psychological', 'School', 'Suspense']",Completed
Yuragi-sou no Yuuna-san,"['Comedy', 'Ecchi', 'Harem', 'Romance', 'Shounen', 'Supernatural']",Completed
Yuru Yuri,"['Award Winning', 'CGDCT', 'Comedy', 'Gag Humor', 'Girls Love', 'School']",Completed
Yuru Yuri♪♪,"['CGDCT', 'Comedy', 'Gag Humor', 'Girls Love', 'School']",Completed
"Yuusha, Yamemasu","['Action', 'Adventure', 'Comedy', 'Fantasy']",Completed
"Yuusha, Yamemasu: Kenshuu Ryokou wa Mokuteki wo Miushinau na","['Action', 'Adventure', 'Comedy', 'Fantasy']",Completed
Zan Sayonara Zetsubou Sensei,"['Comedy', 'Gag Humor', 'Parody', 'School', 'Shounen']",Completed
Zoku Sayonara Zetsubou Sensei,"['Comedy', 'Gag Humor', 'Parody', 'School', 'Shounen']",Completed
Zom 100: Zombie ni Naru made ni Shitai 100 no Koto,"['Action', 'Adult Cast', 'Comedy', 'Gore', 'Horror', 'Seinen', 'Survival', 'Suspense']",Completed
