Title,Genres,Status,User Score
"""Oshi no Ko""","['Award Winning', 'Drama', 'Reincarnation', 'Seinen', 'Showbiz']",Completed,9
100-man no Inochi no Ue ni Ore wa Tatteiru,"['Action', 'Adventure', 'Drama', 'Fantasy', 'Isekai', 'Shounen']",Completed,8
16bit Sensation: Another Layer,"['Adult Cast', 'Comedy', 'Otaku Culture', 'Sci-Fi', 'Time Travel', 'Workplace']",Completed,8
30-sai no Hoken Taiiku,"['Adult Cast', 'Comedy', 'Ecchi', 'Parody', 'Romance']",Completed,7
3D Kanojo: Real Girl,"['Otaku Culture', 'Romance', 'School', 'Shoujo']",Completed,6
3D Kanojo: Real Girl 2nd Season,"['Otaku Culture', 'Romance', 'School', 'Shoujo']",Completed,8
5-toubun no Hanayome,"['Comedy', 'Harem', 'Romance', 'School', 'Shounen']",Completed,8
7 Seeds,"['Adventure', 'Drama', 'Mystery', 'Psychological', 'Romance', 'Sci-Fi', 'Shoujo', 'Survival', 'Suspense']",Completed,0
86,"['Action', 'Drama', 'Mecha', 'Military', 'Sci-Fi']",Completed,0
Africa no Salaryman (TV),"['Anthropomorphic', 'Comedy', 'Workplace']",Completed,0
Aggressive Retsuko (ONA),"['Anthropomorphic', 'Comedy', 'Workplace']",Completed,0
Aggressive Retsuko (ONA) 2nd Season,"['Anthropomorphic', 'Comedy', 'Workplace']",Completed,0
Aggressive Retsuko (ONA) 3rd Season,"['Anthropomorphic', 'Comedy', 'Workplace']",Completed,0
Aharen-san wa Hakarenai,"['Comedy', 'Romance', 'School', 'Shounen']",Completed,7
Aho Girl,"['Comedy', 'Gag Humor', 'School', 'Shounen']",Completed,0
Ai Tenchi Muyou!,"['Comedy', 'Sci-Fi']",Completed,0
Akagami no Shirayuki-hime,"['Drama', 'Medical', 'Romance', 'Shoujo']",Completed,0
Akame ga Kill!,"['Action', 'Fantasy', 'Gore', 'Shounen']",Completed,0
Akkun to Kanojo,"['Comedy', 'Josei', 'Romance', 'School']",Completed,0
Akudama Drive,"['Action', 'Adult Cast', 'Gore', 'Sci-Fi', 'Suspense']",Completed,8
Akuyaku Reijou nanode Last Boss wo Kattemimashita,"['Comedy', 'Fantasy', 'Isekai', 'Romance', 'Shoujo', 'Villainess']",Completed,7
Amaama to Inazuma,"['Childcare', 'Gourmet', 'Iyashikei', 'Seinen', 'Slice of Life']",Completed,0
Amagami SS,"['Harem', 'Romance', 'School']",Completed,0
Amagami SS OVA,"['Harem', 'Romance', 'School']",Completed,0
Amagami SS+ Plus,"['Harem', 'Romance', 'School']",Completed,0
Amagami SS: Tachibana Miya-hen - Imouto,['School'],Completed,0
Amagi Brilliant Park,"['Comedy', 'Supernatural', 'Workplace']",Completed,0
Ane Log: Moyako Neesan no Tomaranai Monologue,"['Comedy', 'Ecchi', 'School', 'Shounen']",Completed,0
Angel Beats!,"['Drama', 'Fantasy', 'School']",Completed,9
Angel Beats! Specials,"['Comedy', 'Fantasy', 'School']",Completed,0
Anime Tenchou x Touhou Project,['Fantasy'],Completed,0
Anne Happy♪,"['CGDCT', 'School', 'Slice of Life']",Completed,0
Ano Hi Mita Hana no Namae wo Bokutachi wa Mada Shiranai.,"['Drama', 'Supernatural']",Completed,0
Another,"['Gore', 'Horror', 'Mystery', 'School']",Completed,6
Ao Haru Ride,"['Love Polygon', 'Romance', 'School', 'Shoujo']",Completed,0
Ao no Exorcist,"['Action', 'Mythology', 'School', 'Shounen', 'Supernatural']",Completed,0
Araburu Kisetsu no Otome-domo yo.,"['Drama', 'Romance', 'School', 'Shounen']",Completed,0
Arakawa Under the Bridge,"['Comedy', 'Romance', 'Seinen']",Completed,9
Arakawa Under the Bridge x Bridge,"['Comedy', 'Romance', 'Seinen']",Completed,0
Asobi Asobase,"['Comedy', 'Gag Humor', 'School', 'Seinen']",Completed,8
Asobi ni Iku yo!,"['Comedy', 'Ecchi', 'Harem', 'Romance', 'Sci-Fi']",Completed,0
Assassins Pride,['Fantasy'],Completed,0
Assault Lily: Bouquet,"['Action', 'Fantasy']",Completed,0
B: The Beginning,"['Action', 'Detective', 'Mystery', 'Psychological', 'Super Power', 'Suspense']",Completed,0
Back Street Girls: Gokudolls,"['Comedy', 'Ecchi', 'Gag Humor', 'Magical Sex Shift', 'Organized Crime', 'Seinen', 'Workplace']",Completed,0
Baka to Test to Shoukanjuu,"['Comedy', 'Love Polygon', 'Romance', 'School']",Completed,0
Bakugan Battle Brawlers: New Vestroia,"['Adventure', 'Fantasy', 'Strategy Game']",Completed,8
Barakamon,"['Childcare', 'Iyashikei', 'Slice of Life', 'Visual Arts']",Completed,10
Beastars,"['Anthropomorphic', 'Drama', 'Psychological', 'School', 'Shounen', 'Suspense']",Completed,0
Beastars 2nd Season,"['Anthropomorphic', 'Drama', 'Psychological', 'School', 'Shounen', 'Suspense']",Completed,0
Beelzebub,"['Action', 'Childcare', 'Comedy', 'Delinquents', 'Mythology', 'School', 'Shounen', 'Supernatural']",Completed,7
Ben-To,"['Action', 'Comedy', 'Gourmet', 'Martial Arts']",Completed,7
Binbougami ga!,"['Comedy', 'Gag Humor', 'Parody', 'Shounen', 'Supernatural']",Completed,0
Blend S,"['Comedy', 'Otaku Culture', 'Workplace']",Completed,7
Bocchi the Rock!,"['CGDCT', 'Comedy', 'Music']",Completed,8
Boku dake ga Inai Machi,"['Mystery', 'Psychological', 'Seinen', 'Suspense', 'Time Travel']",Completed,9
Boku no Hero Academia,"['Action', 'School', 'Shounen', 'Super Power']",Completed,8
Boku no Hero Academia 2nd Season,"['Action', 'School', 'Shounen', 'Super Power']",Completed,8
Boku no Hero Academia 3rd Season,"['Action', 'School', 'Shounen', 'Super Power']",Completed,7
Boku no Hero Academia 4th Season,"['Action', 'School', 'Shounen', 'Super Power']",Completed,0
Boku no Hero Academia the Movie 1: Futari no Hero,"['Action', 'Shounen', 'Super Power']",Completed,8
Boku no Kokoro no Yabai Yatsu,"['Comedy', 'Romance', 'School', 'Shounen']",Completed,7
Boku no Tonari ni Ankoku Hakaishin ga Imasu.,"['Comedy', 'Josei', 'School']",Completed,0
Bokura wa Minna Kawai-sou,"['Love Status Quo', 'School', 'Seinen', 'Slice of Life']",Completed,0
Bokura wa Minna Kawai-sou: Hajimete no,"['Love Status Quo', 'School', 'Seinen', 'Slice of Life']",Completed,0
Bokusatsu Tenshi Dokuro-chan,"['Comedy', 'Ecchi', 'Gag Humor', 'Gore', 'Supernatural']",Completed,10
Bokusatsu Tenshi Dokuro-chan 2,"['Comedy', 'Ecchi', 'Gag Humor', 'Gore', 'Supernatural']",Completed,0
Bokutachi wa Benkyou ga Dekinai,"['Comedy', 'Harem', 'Romance', 'School', 'Shounen']",Completed,0
Bokutachi wa Benkyou ga Dekinai!,"['Comedy', 'Harem', 'Romance', 'School', 'Shounen']",Completed,0
Busou Shoujo Machiavellianism,"['Action', 'Comedy', 'Ecchi', 'Harem', 'Martial Arts', 'School', 'Shounen']",Completed,9
"Busou Shoujo Machiavellianism: Doki! ""Goken-darake"" no Ian Ryokou","['Action', 'Ecchi', 'School', 'Shounen']",Completed,0
Chainsaw Man,"['Action', 'Fantasy', 'Gore', 'Shounen', 'Urban Fantasy']",Completed,8
Charlotte,"['Drama', 'School', 'Super Power']",Completed,8
Charlotte: Tsuyoimono-tachi,"['Drama', 'School', 'Super Power']",Completed,7
Chio-chan no Tsuugakuro,"['Comedy', 'Seinen']",Completed,0
Chiyu Mahou no Machigatta Tsukaikata,"['Action', 'Adventure', 'Fantasy', 'Isekai']",Completed,6
Chuunibyou demo Koi ga Shitai!,"['Comedy', 'Romance', 'School']",Completed,10
Chuunibyou demo Koi ga Shitai! Kirameki no... Slapstick Noel,"['Comedy', 'Romance', 'School']",Completed,8
Chuunibyou demo Koi ga Shitai! Movie: Take On Me,"['Comedy', 'Drama', 'Romance', 'School']",Completed,0
Chuunibyou demo Koi ga Shitai! Ren,"['Comedy', 'Romance', 'School']",Completed,8
Clannad,"['Drama', 'Romance', 'School']",Completed,8
Clannad: After Story,"['Drama', 'Romance']",Completed,10
"Clannad: Mou Hitotsu no Sekai, Tomoyo-hen","['Drama', 'Romance', 'School']",Completed,7
Cyclops Shoujo Saipuu,"['Comedy', 'Ecchi', 'School', 'Slice of Life']",Completed,0
D-Frag!,"['Comedy', 'School', 'Seinen', 'Strategy Game']",Completed,0
D-Frag!*,"['Comedy', 'Seinen']",Completed,0
Dagashi Kashi,"['Comedy', 'Gourmet', 'Love Status Quo', 'Shounen']",Completed,8
Dagashi Kashi 2,"['Comedy', 'Gourmet', 'Love Status Quo', 'Shounen']",Completed,5
Danna ga Nani wo Itteiru ka Wakaranai Ken,"['Adult Cast', 'Comedy', 'Otaku Culture', 'Romance']",Completed,0
Danshi Koukousei no Nichijou,"['Comedy', 'Gag Humor', 'School']",Completed,8
Darling in the FranXX,"['Action', 'Drama', 'Mecha', 'Romance', 'Sci-Fi']",Completed,3
Date A Live,"['Action', 'Fantasy', 'Harem', 'Romance', 'School', 'Sci-Fi']",Completed,7
Date A Live II,"['Action', 'Fantasy', 'Harem', 'Romance', 'School', 'Sci-Fi']",Completed,7
Date A Live III,"['Action', 'Fantasy', 'Harem', 'Romance', 'School', 'Sci-Fi']",Completed,0
Death Parade,"['Adult Cast', 'Drama', 'Fantasy', 'High Stakes Game', 'Psychological', 'Suspense']",Completed,8
Demi-chan wa Kataritai,"['Comedy', 'Fantasy', 'Mythology', 'School', 'Seinen', 'Urban Fantasy', 'Vampire']",Completed,9
Demi-chan wa Kataritai: Demi-chan no Natsuyasumi,"['Comedy', 'Fantasy', 'Mythology', 'School', 'Seinen', 'Urban Fantasy', 'Vampire']",Completed,0
Denki-gai no Honya-san,"['Comedy', 'Otaku Culture', 'Seinen', 'Workplace']",Completed,0
Denpa Onna to Seishun Otoko,"['Comedy', 'Sci-Fi']",Completed,0
Devilman: Crybaby,"['Action', 'Avant Garde', 'Gore', 'Horror', 'Mythology', 'Shounen', 'Supernatural']",Completed,8
Domestic na Kanojo,"['Drama', 'Love Polygon', 'Romance', 'School', 'Shounen']",Completed,0
Dororo,"['Action', 'Adventure', 'Fantasy', 'Historical', 'Mythology', 'Samurai', 'Shounen']",Completed,8
Dosanko Gal wa Namara Menkoi,"['Comedy', 'Love Status Quo', 'School', 'Shounen']",Completed,0
Dr. Stone,"['Adventure', 'Comedy', 'Sci-Fi', 'Shounen', 'Survival']",Completed,0
Dumbbell Nan Kilo Moteru?,"['CGDCT', 'Comedy', 'Ecchi']",Completed,0
Dungeon Meshi,"['Adventure', 'Comedy', 'Fantasy', 'Gourmet', 'Seinen']",Completed,8
Dungeon ni Deai wo Motomeru no wa Machigatteiru Darou ka,"['Action', 'Adventure', 'Fantasy']",Completed,8
Dungeon ni Deai wo Motomeru no wa Machigatteiru Darou ka Gaiden: Sword Oratoria,"['Action', 'Adventure', 'Fantasy']",Completed,7
Dungeon ni Deai wo Motomeru no wa Machigatteiru Darou ka II,"['Action', 'Adventure', 'Fantasy']",Completed,0
Engage Kiss,"['Action', 'Comedy', 'Love Polygon', 'Romance']",Completed,6
Eromanga-sensei,"['Comedy', 'Ecchi', 'Otaku Culture', 'Romance']",Completed,8
Eromanga-sensei OVA,"['Comedy', 'Ecchi', 'Otaku Culture', 'Romance']",Completed,8
Fantasy Bishoujo Juniku Ojisan to,"['Adventure', 'Comedy', 'Fantasy', 'Isekai', 'Magical Sex Shift', 'Parody']",Completed,6
Fugou Keiji: Balance:Unlimited,"['Adult Cast', 'Detective', 'Mystery']",Completed,8
Fullmetal Alchemist: Brotherhood,"['Action', 'Adventure', 'Drama', 'Fantasy', 'Military', 'Shounen']",Completed,10
Gabriel DropOut,"['CGDCT', 'Comedy', 'Mythology', 'School', 'Shounen', 'Supernatural']",Completed,0
Gamers!,"['Comedy', 'Love Polygon', 'Otaku Culture', 'Romance', 'School', 'Video Game']",Completed,6
Gekkan Shoujo Nozaki-kun,"['Comedy', 'Otaku Culture', 'Romance', 'School']",Completed,0
Giji Harem,"['Comedy', 'Love Status Quo', 'Romance', 'School', 'Shounen']",Completed,8
Gimai Seikatsu,['Romance'],Completed,6
Gintama,"['Action', 'Comedy', 'Gag Humor', 'Historical', 'Parody', 'Samurai', 'Sci-Fi', 'Shounen']",Completed,10
Gintama Movie 1: Shinyaku Benizakura-hen,"['Action', 'Comedy', 'Historical', 'Parody', 'Samurai', 'Sci-Fi', 'Shounen']",Completed,0
Gintama Movie 2: Kanketsu-hen - Yorozuya yo Eien Nare,"['Action', 'Comedy', 'Gag Humor', 'Historical', 'Parody', 'Samurai', 'Sci-Fi', 'Shounen', 'Time Travel']",Completed,0
Gintama',"['Action', 'Comedy', 'Gag Humor', 'Historical', 'Parody', 'Samurai', 'Sci-Fi', 'Shounen']",Completed,0
Gintama': Enchousen,"['Action', 'Comedy', 'Gag Humor', 'Historical', 'Parody', 'Samurai', 'Sci-Fi', 'Shounen']",Completed,0
Gintama': Futon ni Haitte kara Buki Nokoshi ni Kizuite Neru ni Nerenai Toki mo Aru,"['Action', 'Comedy', 'Gag Humor', 'Historical', 'Parody', 'Samurai', 'Sci-Fi', 'Shounen']",Completed,0
Gintama.,"['Action', 'Comedy', 'Gag Humor', 'Historical', 'Parody', 'Samurai', 'Sci-Fi', 'Shounen']",Completed,0
Gintama. Porori-hen,"['Action', 'Comedy', 'Gag Humor', 'Historical', 'Parody', 'Samurai', 'Sci-Fi', 'Shounen']",Completed,0
Gintama. Shirogane no Tamashii-hen,"['Action', 'Comedy', 'Gag Humor', 'Historical', 'Parody', 'Samurai', 'Sci-Fi', 'Shounen']",Completed,0
Gintama. Shirogane no Tamashii-hen - Kouhan-sen,"['Action', 'Comedy', 'Gag Humor', 'Historical', 'Parody', 'Samurai', 'Sci-Fi', 'Shounen']",Completed,0
Gintama: Dai Hanseikai,"['Action', 'Comedy', 'Parody', 'Samurai', 'Shounen']",Completed,0
Gintama: Nanigoto mo Saisho ga Kanjin nanode Tashou Senobisuru Kurai ga Choudoyoi,"['Action', 'Comedy', 'Historical', 'Mecha', 'Parody', 'Samurai', 'Sci-Fi', 'Shounen']",Completed,0
Gintama: Shinyaku Benizakura-hen,"['Action', 'Comedy', 'Historical', 'Parody', 'Samurai', 'Sci-Fi', 'Shounen']",Completed,0
Gintama: Shiroyasha Koutan,"['Action', 'Comedy', 'Historical', 'Parody', 'Sci-Fi']",Completed,0
Gintama: The Final,"['Action', 'Comedy', 'Drama', 'Gag Humor', 'Historical', 'Parody', 'Samurai', 'Sci-Fi', 'Shounen']",Completed,10
Gintama°,"['Action', 'Comedy', 'Gag Humor', 'Historical', 'Parody', 'Samurai', 'Sci-Fi', 'Shounen']",Completed,10
Gintama°: Aizome Kaori-hen,"['Comedy', 'Gag Humor', 'Parody', 'Shounen']",Completed,0
Goblin Slayer,"['Action', 'Adventure', 'Fantasy', 'Gore']",Completed,8
Goblin Slayer II,"['Action', 'Adventure', 'Fantasy', 'Gore']",Completed,7
Gokushufudou,"['Adult Cast', 'Comedy', 'Gag Humor', 'Organized Crime']",Completed,6
Golden Time,"['Adult Cast', 'Drama', 'Love Polygon', 'Romance']",Completed,0
Grand Blue,"['Adult Cast', 'Comedy', 'Gag Humor', 'Seinen']",Completed,0
Great Pretender,"['Action', 'Adult Cast', 'Adventure', 'Mystery', 'Organized Crime']",Completed,9
Great Teacher Onizuka,"['Comedy', 'Delinquents', 'School', 'Shounen', 'Workplace']",Completed,9
Haiyore! Nyaruko-san,"['Comedy', 'Parody', 'Sci-Fi']",Completed,10
Haiyore! Nyaruko-san F,"['Comedy', 'Parody', 'Romance', 'Sci-Fi']",Completed,9
Haiyore! Nyaruko-san W,"['Comedy', 'Parody', 'Sci-Fi']",Completed,9
Hametsu no Mars,"['Action', 'Gore', 'Horror', 'Military', 'Sci-Fi']",Completed,1
Handa-kun,"['Comedy', 'School', 'Shounen', 'Visual Arts']",Completed,8
Happy Sugar Life,"['Drama', 'Girls Love', 'Gore', 'Horror', 'Psychological', 'Shounen', 'Suspense']",Completed,0
Hataage! Kemono Michi,"['Anthropomorphic', 'Comedy', 'Fantasy', 'Isekai', 'Shounen']",Completed,0
Hataraku Maou-sama!,"['Comedy', 'Supernatural']",Completed,8
Hataraku Maou-sama!!,"['Comedy', 'Supernatural']",Completed,7
Hataraku Maou-sama!! 2nd Season,"['Comedy', 'Supernatural']",Completed,8
Hatsukoi Limited.,"['Comedy', 'Romance', 'School', 'Shounen']",Completed,0
"Hazurewaku no ""Joutai Ijou Skill"" de Saikyou ni Natta Ore ga Subete wo Juurin suru made","['Action', 'Adventure', 'Fantasy', 'Isekai']",Completed,6
Henjin no Salad Bowl,"['Comedy', 'Fantasy', 'Urban Fantasy']",Completed,7
Hentai Ouji to Warawanai Neko.,"['Comedy', 'Harem', 'Romance', 'School', 'Supernatural']",Completed,7
Hige wo Soru. Soshite Joshikousei wo Hirou.,"['Drama', 'Romance']",Completed,8
High School DxD,"['Action', 'Comedy', 'Ecchi', 'Harem', 'Mythology', 'Romance', 'School', 'Supernatural']",Completed,10
High School DxD BorN,"['Action', 'Comedy', 'Ecchi', 'Harem', 'Mythology', 'Romance', 'School', 'Supernatural']",Completed,8
High School DxD New,"['Action', 'Comedy', 'Ecchi', 'Harem', 'Mythology', 'Romance', 'School', 'Supernatural']",Completed,8
High School DxD OVA,"['Action', 'Comedy', 'Ecchi', 'Mythology', 'Romance', 'School', 'Supernatural']",Completed,0
High Score Girl,"['Comedy', 'Love Polygon', 'Love Status Quo', 'School', 'Seinen', 'Video Game']",Completed,0
High Score Girl II,"['Comedy', 'Love Polygon', 'Love Status Quo', 'School', 'Seinen', 'Video Game']",Completed,0
Highschool of the Dead,"['Action', 'Ecchi', 'Gore', 'Horror', 'Shounen', 'Supernatural', 'Survival', 'Suspense']",Completed,0
Higurashi no Naku Koro ni,"['Gore', 'Horror', 'Mystery', 'Psychological', 'Suspense']",Completed,8
Higurashi no Naku Koro ni Gou,"['Gore', 'Horror', 'Mystery', 'Psychological', 'Suspense']",Completed,0
Higurashi no Naku Koro ni Kai,"['Gore', 'Horror', 'Mystery', 'Psychological', 'Suspense']",Completed,8
Higurashi no Naku Koro ni Kai Specials,"['Comedy', 'Parody']",Completed,0
Higurashi no Naku Koro ni Kaku: Outbreak,"['Gore', 'Horror', 'Mystery', 'Psychological']",Completed,0
Higurashi no Naku Koro ni Kira,"['Comedy', 'Mystery', 'Parody']",Completed,0
Higurashi no Naku Koro ni Rei,"['Gore', 'Horror', 'Mystery', 'Psychological', 'Suspense']",Completed,8
Higurashi no Naku Koro ni Sotsu,"['Gore', 'Horror', 'Mystery', 'Psychological', 'Suspense']",Completed,8
Higurashi no Naku Koro ni Special: Nekogoroshi-hen,['Mystery'],Completed,0
Himouto! Umaru-chan,"['Comedy', 'Otaku Culture', 'School', 'Seinen']",Completed,8
Himouto! Umaru-chan R,"['Comedy', 'Otaku Culture', 'School', 'Seinen']",Completed,8
Hinamatsuri,"['Childcare', 'Comedy', 'Organized Crime', 'Seinen', 'Super Power']",Completed,0
Hitoribocchi no Marumaru Seikatsu,"['CGDCT', 'Comedy', 'School', 'Shounen']",Completed,0
Horimiya,"['Romance', 'School', 'Shounen']",Completed,8
Hotarubi no Mori e,"['Award Winning', 'Drama', 'Romance', 'Shoujo', 'Supernatural']",Completed,6
Howl no Ugoku Shiro,"['Adventure', 'Award Winning', 'Drama', 'Fantasy', 'Romance']",Completed,10
Hyouka,"['Mystery', 'School', 'Slice of Life']",Completed,0
Hyouka: Motsubeki Mono wa,"['Mystery', 'School', 'Slice of Life']",Completed,0
"Ijiranaide, Nagatoro-san","['Comedy', 'Love Status Quo', 'School']",Completed,7
"Ijiranaide, Nagatoro-san 2nd Attack","['Comedy', 'Love Status Quo', 'School']",Completed,6
Imouto sae Ireba Ii.,"['Adult Cast', 'Comedy', 'Ecchi', 'Otaku Culture', 'Romance', 'Workplace']",Completed,6
Inou-Battle wa Nichijou-kei no Naka de,"['Comedy', 'Harem', 'School', 'Super Power']",Completed,8
Inu to Hasami wa Tsukaiyou,"['Comedy', 'Reincarnation', 'Supernatural']",Completed,0
Inuyashiki,"['Action', 'Drama', 'Gore', 'Psychological', 'Sci-Fi', 'Seinen', 'Suspense']",Completed,8
Isekai Maou to Shoukan Shoujo no Dorei Majutsu,"['Action', 'Comedy', 'Ecchi', 'Fantasy', 'Harem', 'Isekai', 'Romance']",Completed,0
Isekai Ojisan,"['Adult Cast', 'Comedy', 'Fantasy', 'Isekai', 'Otaku Culture', 'Parody']",Completed,8
Isekai Quartet,"['Comedy', 'Fantasy', 'Isekai', 'Parody']",Completed,0
Isekai Quartet 2,"['Comedy', 'Fantasy', 'Isekai', 'Parody']",Completed,0
Isekai Shikkaku,"['Adventure', 'Comedy', 'Fantasy', 'Isekai', 'Parody']",Completed,7
Itai no wa Iya nanode Bougyoryoku ni Kyokufuri Shitai to Omoimasu.,"['Action', 'Adventure', 'Comedy', 'Fantasy', 'Video Game']",Completed,8
Itsudatte Bokura no Koi wa 10 cm Datta.,"['Drama', 'Romance', 'School', 'Visual Arts']",Completed,0
Jahy-sama wa Kujikenai!,"['Comedy', 'Shounen', 'Supernatural']",Completed,6
Jaku-Chara Tomozaki-kun,"['Drama', 'Romance', 'School']",Completed,8
Jaku-Chara Tomozaki-kun 2nd Stage,"['Drama', 'Romance', 'School']",Completed,6
Jibaku Shounen Hanako-kun,"['School', 'Shounen', 'Supernatural']",Completed,0
Jiisan Baasan Wakagaeru,"['Comedy', 'Romance', 'Supernatural']",Completed,7
Jitsu wa Watashi wa,"['Comedy', 'Harem', 'Romance', 'School', 'Shounen', 'Supernatural', 'Vampire']",Completed,6
Joshikausei,"['CGDCT', 'Comedy', 'School', 'Slice of Life']",Completed,0
Joshikousei no Mudazukai,"['CGDCT', 'Comedy', 'Gag Humor', 'School']",Completed,9
Joshiraku,"['Adult Cast', 'Comedy', 'Gag Humor', 'Parody', 'Performing Arts', 'Shounen']",Completed,0
Jujutsu Kaisen,"['Action', 'Award Winning', 'School', 'Shounen', 'Supernatural']",Completed,7
Jujutsu Kaisen 2nd Season,"['Action', 'Gore', 'School', 'Shounen', 'Supernatural']",Completed,8
Kage no Jitsuryokusha ni Naritakute!,"['Action', 'Comedy', 'Fantasy', 'Isekai', 'Reincarnation']",Completed,9
Kage no Jitsuryokusha ni Naritakute! 2nd Season,"['Action', 'Comedy', 'Fantasy', 'Isekai', 'Reincarnation']",Completed,7
Kaguya-hime no Monogatari,"['Award Winning', 'Fantasy', 'Historical']",Completed,0
Kaguya-sama wa Kokurasetai: First Kiss wa Owaranai,"['Comedy', 'Drama', 'Romance', 'School', 'Seinen']",Completed,9
Kaguya-sama wa Kokurasetai: Tensai-tachi no Renai Zunousen,"['Comedy', 'Romance', 'School', 'Seinen']",Completed,8
Kaguya-sama wa Kokurasetai: Ultra Romantic,"['Comedy', 'Romance', 'School', 'Seinen']",Completed,9
Kaguya-sama wa Kokurasetai? Tensai-tachi no Renai Zunousen,"['Comedy', 'Romance', 'School', 'Seinen']",Completed,9
Kaifuku Jutsushi no Yarinaoshi,"['Action', 'Adventure', 'Drama', 'Erotica', 'Fantasy', 'Gore', 'Harem', 'Time Travel']",Completed,5
Kakegurui,"['Drama', 'High Stakes Game', 'Mystery', 'Psychological', 'School', 'Shounen', 'Strategy Game', 'Suspense']",Completed,0
Kakegurui××,"['Drama', 'High Stakes Game', 'Mystery', 'Psychological', 'School', 'Shounen', 'Strategy Game', 'Suspense']",Completed,0
Kakushigoto,"['Childcare', 'Comedy', 'Gag Humor', 'Otaku Culture', 'Shounen', 'Workplace']",Completed,9
Kami nomi zo Shiru Sekai,"['Comedy', 'Harem', 'Otaku Culture', 'Romance', 'Shounen', 'Supernatural']",Completed,0
Kami nomi zo Shiru Sekai II,"['Comedy', 'Harem', 'Otaku Culture', 'Romance', 'Shounen', 'Supernatural']",Completed,0
Kami nomi zo Shiru Sekai: Megami-hen,"['Comedy', 'Harem', 'Otaku Culture', 'Romance', 'Shounen', 'Supernatural']",Completed,0
"Kanojo, Okarishimasu","['Adult Cast', 'Comedy', 'Harem', 'Romance', 'Shounen']",Completed,8
Kanokon: Manatsu no Dai Shanikusai,"['Ecchi', 'Romance']",Completed,0
Karakai Jouzu no Takagi-san,"['Comedy', 'Love Status Quo', 'School', 'Shounen']",Completed,0
Karakai Jouzu no Takagi-san 2,"['Comedy', 'Love Status Quo', 'School', 'Shounen']",Completed,0
Kawaii dake ja Nai Shikimori-san,"['Comedy', 'Romance', 'School']",Completed,7
Kawaikereba Hentai demo Suki ni Natte Kuremasu ka?,"['Comedy', 'Ecchi', 'Harem', 'Romance', 'School']",Completed,8
Kimetsu no Yaiba,"['Action', 'Award Winning', 'Historical', 'Shounen', 'Supernatural']",Completed,9
Kimetsu no Yaiba Movie: Mugen Ressha-hen,"['Action', 'Historical', 'Shounen', 'Supernatural']",Completed,7
Kimetsu no Yaiba: Yuukaku-hen,"['Action', 'Historical', 'Shounen', 'Supernatural']",Completed,6
Kimi ni Todoke,"['Drama', 'Romance', 'School', 'Shoujo']",Completed,2
Kimi no Koto ga Daidaidaidaidaisuki na 100-nin no Kanojo,"['Comedy', 'Harem', 'Parody', 'Romance', 'School', 'Seinen']",Completed,8
Kimi no Na wa.,"['Award Winning', 'Drama']",Completed,9
Kimi no Suizou wo Tabetai,"['Drama', 'Romance', 'School']",Completed,9
Kinsou no Vermeil: Gakeppuchi Majutsushi wa Saikyou no Yakusai to Mahou Sekai wo Tsukisusumu,"['Ecchi', 'Fantasy', 'School', 'Shounen']",Completed,6
Kiseijuu: Sei no Kakuritsu,"['Action', 'Gore', 'Horror', 'Psychological', 'Sci-Fi', 'Seinen', 'Suspense']",Completed,9
Kishuku Gakkou no Juliet,"['Action', 'Comedy', 'Romance', 'School', 'Shounen']",Completed,8
Kobayashi-san Chi no Maid Dragon,"['Slice of Life', 'Supernatural']",Completed,0
"Kobayashi-san Chi no Maid Dragon: Valentine, Soshite Onsen! - Amari Kitai Shinaide Kudasai","['Slice of Life', 'Supernatural']",Completed,0
Koe no Katachi,"['Award Winning', 'Drama', 'Shounen']",Completed,6
Koi to Senkyo to Chocolate,"['Drama', 'Harem', 'Romance', 'School']",Completed,1
Koi to Uso,"['Drama', 'Love Polygon', 'Romance', 'School']",Completed,7
Koi to Yobu ni wa Kimochi Warui,"['Comedy', 'Romance', 'School']",Completed,8
Kokuhaku,['Horror'],Completed,1
Kono Bijutsu-bu ni wa Mondai ga Aru!,"['Comedy', 'Romance', 'School', 'Seinen', 'Visual Arts']",Completed,7
Kono Subarashii Sekai ni Bakuen wo!,"['Comedy', 'Fantasy']",Completed,8
Kono Subarashii Sekai ni Shukufuku wo!,"['Adventure', 'Comedy', 'Fantasy', 'Isekai', 'Parody']",Completed,10
Kono Subarashii Sekai ni Shukufuku wo! 2,"['Adventure', 'Comedy', 'Fantasy', 'Isekai', 'Parody']",Completed,0
Kono Subarashii Sekai ni Shukufuku wo! 2: Kono Subarashii Geijutsu ni Shukufuku wo!,"['Adventure', 'Comedy', 'Fantasy', 'Isekai', 'Parody']",Completed,0
Kono Subarashii Sekai ni Shukufuku wo! 3,"['Adventure', 'Comedy', 'Fantasy', 'Isekai', 'Parody']",Completed,8
Kono Subarashii Sekai ni Shukufuku wo! Movie: Kurenai Densetsu,"['Adventure', 'Comedy', 'Fantasy', 'Isekai', 'Parody']",Completed,0
Kono Subarashii Sekai ni Shukufuku wo!: Kono Subarashii Choker ni Shukufuku wo!,"['Comedy', 'Fantasy', 'Isekai', 'Parody']",Completed,0
Kono Yo no Hate de Koi wo Utau Shoujo YU-NO,"['Drama', 'Sci-Fi']",Completed,8
"Konyaku Haki sareta Reijou wo Hirotta Ore ga, Ikenai Koto wo Oshiekomu","['Comedy', 'Fantasy', 'Romance']",Completed,0
Kore wa Zombie desu ka?,"['Action', 'Comedy', 'Ecchi', 'Fantasy', 'Harem', 'Urban Fantasy', 'Vampire']",Completed,8
Kore wa Zombie desu ka? of the Dead,"['Action', 'Comedy', 'Ecchi', 'Fantasy', 'Harem', 'Urban Fantasy', 'Vampire']",Completed,8
Kuzu no Honkai,"['Drama', 'Love Polygon', 'Romance', 'School', 'Seinen']",Completed,8
Kyokou Suiri,"['Adult Cast', 'Mystery', 'Mythology', 'Romance', 'Shounen', 'Supernatural']",Completed,0
Kyoukai no Kanata,"['Action', 'School', 'Supernatural']",Completed,8
Kyuukyoku Shinka shita Full Dive RPG ga Genjitsu yori mo Kusoge Dattara,"['Action', 'Comedy', 'Fantasy', 'Video Game']",Completed,7
Level 1 dakedo Unique Skill de Saikyou desu,"['Adventure', 'Fantasy', 'Harem', 'Isekai', 'Reincarnation']",Completed,5
Log Horizon,"['Action', 'Adult Cast', 'Adventure', 'Fantasy', 'Video Game']",Completed,0
Lv1 Maou to One Room Yuusha,"['Comedy', 'Fantasy', 'Urban Fantasy']",Completed,7
Lv2 kara Cheat datta Motoyuusha Kouho no Mattari Isekai Life,"['Adventure', 'Fantasy', 'Isekai', 'Romance']",Completed,6
Mairimashita! Iruma-kun,"['Comedy', 'Fantasy', 'Isekai', 'School', 'Shounen']",Completed,0
Majo no Tabitabi,"['Adventure', 'Fantasy']",Completed,8
Majo to Yajuu,"['Action', 'Adult Cast', 'Fantasy', 'Gore', 'Seinen', 'Urban Fantasy']",Completed,7
Mamahaha no Tsurego ga Motokano datta,"['Comedy', 'Romance']",Completed,6
Mangaka-san to Assistant-san to The Animation,"['Comedy', 'Ecchi', 'Harem', 'Seinen']",Completed,0
Mangaka-san to Assistant-san to The Animation Specials,"['Comedy', 'Ecchi', 'Harem', 'Seinen']",Completed,0
"Maou Gakuin no Futekigousha: Shijou Saikyou no Maou no Shiso, Tensei shite Shison-tachi no Gakkou e Kayou","['Action', 'Fantasy', 'Reincarnation', 'School']",Completed,6
"Maou no Ore ga Dorei Elf wo Yome ni Shitanda ga, Dou Medereba Ii?","['Action', 'Fantasy', 'Romance']",Completed,7
"Maou-sama, Retry!","['Action', 'Adventure', 'Fantasy', 'Isekai']",Completed,7
Maoujou de Oyasumi,"['Comedy', 'Fantasy', 'Parody', 'Shounen']",Completed,8
Maria†Holic,"['Comedy', 'Crossdressing', 'Girls Love', 'Parody', 'School', 'Seinen']",Completed,0
Maria†Holic Alive,"['Comedy', 'Crossdressing', 'Girls Love', 'Parody', 'School', 'Seinen']",Completed,0
Masamune-kun no Revenge,"['Comedy', 'Harem', 'Romance', 'School', 'Shounen']",Completed,0
Masamune-kun no Revenge R,"['Comedy', 'Harem', 'Romance', 'School', 'Shounen']",Completed,6
"Masamune-kun no Revenge: Uchi no Mama ni Kagitte/Tsunade Shima, Futatabi./12-Ji wo Sugita Cinderella","['Comedy', 'Harem', 'Romance', 'School', 'Shounen']",Completed,0
Mashle,"['Action', 'Comedy', 'Fantasy', 'Gag Humor', 'Parody', 'School', 'Shounen']",Completed,8
Mashle: Shinkakusha Kouho Senbatsu Shiken-hen,"['Action', 'Comedy', 'Fantasy', 'Gag Humor', 'Parody', 'School', 'Shounen']",Completed,8
Mato Seihei no Slave,"['Action', 'Ecchi', 'Fantasy', 'Harem', 'Shounen', 'Urban Fantasy']",Completed,6
Meikyuu Black Company,"['Comedy', 'Fantasy', 'Isekai']",Completed,7
Midara na Ao-chan wa Benkyou ga Dekinai,"['Comedy', 'Ecchi', 'Romance', 'School', 'Shounen']",Completed,0
Mieruko-chan,"['Comedy', 'Horror', 'School']",Completed,7
Mikakunin de Shinkoukei,"['Comedy', 'Romance', 'School', 'Supernatural']",Completed,8
Mirai Nikki,"['Action', 'High Stakes Game', 'Shounen', 'Supernatural', 'Survival', 'Suspense']",Completed,8
Mirai Nikki (TV),"['Action', 'Gore', 'High Stakes Game', 'Psychological', 'Shounen', 'Supernatural', 'Survival', 'Suspense']",Completed,9
Mirai Nikki: Redial,"['Psychological', 'Shounen', 'Supernatural', 'Suspense']",Completed,4
MM!,"['Comedy', 'Ecchi', 'Harem', 'School']",Completed,0
Mob Psycho 100,"['Action', 'Comedy', 'Supernatural']",Completed,0
Mob Psycho 100 II,"['Action', 'Comedy', 'Supernatural']",Completed,0
Momokuri,"['Comedy', 'Romance', 'School']",Completed,7
Monster,"['Adult Cast', 'Drama', 'Mystery', 'Psychological', 'Seinen', 'Suspense']",Completed,7
Monster Musume no Iru Nichijou,"['Anthropomorphic', 'Comedy', 'Ecchi', 'Fantasy', 'Harem', 'Romance', 'Seinen', 'Urban Fantasy']",Completed,7
Munou na Nana,"['Psychological', 'Shounen', 'Super Power', 'Suspense']",Completed,0
Mushoku Tensei: Isekai Ittara Honki Dasu,"['Adventure', 'Drama', 'Ecchi', 'Fantasy', 'Isekai', 'Reincarnation']",Completed,8
Mushoku Tensei: Isekai Ittara Honki Dasu Part 2,"['Adventure', 'Drama', 'Ecchi', 'Fantasy', 'Isekai', 'Reincarnation']",Completed,8
Nakitai Watashi wa Neko wo Kaburu,"['Award Winning', 'Drama', 'Romance', 'School', 'Supernatural']",Completed,8
Nanatsu no Taizai,"['Action', 'Adventure', 'Fantasy', 'Shounen']",Completed,8
Nanatsu no Taizai Movie 1: Tenkuu no Torawarebito,"['Action', 'Adventure', 'Fantasy', 'Shounen']",Completed,7
Nanatsu no Taizai OVA,"['Action', 'Adventure', 'Fantasy', 'Shounen']",Completed,8
Nanatsu no Taizai: Imashime no Fukkatsu,"['Action', 'Adventure', 'Fantasy', 'Shounen']",Completed,7
Naruto,"['Action', 'Adventure', 'Fantasy', 'Martial Arts', 'Shounen']",Completed,8
Naruto: Shippuuden,"['Action', 'Adventure', 'Fantasy', 'Martial Arts', 'Shounen']",Completed,7
Net-juu no Susume,"['Adult Cast', 'Comedy', 'Romance', 'Video Game']",Completed,0
Netoge no Yome wa Onnanoko ja Nai to Omotta?,"['Comedy', 'Ecchi', 'Otaku Culture', 'Romance', 'School', 'Video Game']",Completed,0
New Game!,"['Adult Cast', 'CGDCT', 'Comedy', 'Otaku Culture', 'Workplace']",Completed,0
NHK ni Youkoso!,"['Adult Cast', 'Comedy', 'Drama', 'Otaku Culture', 'Psychological', 'Romance', 'Suspense']",Completed,10
Nisekoi,"['Comedy', 'Harem', 'Romance', 'School', 'Shounen']",Completed,9
Nisekoi OVA,"['Comedy', 'Harem', 'Romance', 'School', 'Shounen']",Completed,7
Nisekoi:,"['Comedy', 'Harem', 'Romance', 'School', 'Shounen']",Completed,8
Nisekoi: OVA,"['Comedy', 'Harem', 'Parody', 'Romance', 'Shounen']",Completed,7
No Game No Life,"['Comedy', 'Ecchi', 'Fantasy', 'Isekai', 'Strategy Game']",Completed,7
No Game No Life: Zero,"['Drama', 'Fantasy', 'Isekai', 'Romance']",Completed,0
Noragami,"['Action', 'Mythology', 'Shounen', 'Supernatural']",Completed,0
Noragami Aragoto,"['Action', 'Mythology', 'Shounen', 'Supernatural']",Completed,0
Noragami OVA,"['Comedy', 'Mythology', 'School', 'Shounen', 'Supernatural']",Completed,0
Nozomanu Fushi no Boukensha,"['Action', 'Adventure', 'Fantasy']",Completed,7
One Punch Man,"['Action', 'Adult Cast', 'Comedy', 'Parody', 'Seinen', 'Super Power']",Completed,0
One Punch Man 2nd Season,"['Action', 'Adult Cast', 'Comedy', 'Parody', 'Seinen', 'Super Power']",Completed,0
One Punch Man: Road to Hero,"['Action', 'Comedy', 'Parody', 'Seinen', 'Super Power']",Completed,0
"One Room, Hiatari Futsuu, Tenshi-tsuki.","['Comedy', 'Harem', 'Mythology', 'Romance', 'School', 'Shounen', 'Supernatural']",Completed,0
Onegai☆Teacher,"['Drama', 'Romance', 'School', 'Sci-Fi']",Completed,0
Onegai☆Teacher: Himitsu na Futari,"['Comedy', 'Ecchi', 'Romance', 'Sci-Fi']",Completed,0
Ookami Shoujo to Kuro Ouji,"['Comedy', 'Romance', 'School', 'Shoujo']",Completed,6
Ookami Shoujo to Kuro Ouji: Gishinanki – Happening Kiss,"['Comedy', 'Romance', 'School', 'Shoujo']",Completed,5
Ookami-san to Shichinin no Nakama-tachi,"['Comedy', 'Parody', 'Romance']",Completed,0
Orange,"['Drama', 'Love Polygon', 'Romance', 'School', 'Sci-Fi', 'Shoujo', 'Time Travel']",Completed,8
Ore dake Haireru Kakushi Dungeon,"['Action', 'Adventure', 'Ecchi', 'Fantasy', 'Harem']",Completed,0
Ore dake Level Up na Ken,"['Action', 'Adult Cast', 'Adventure', 'Fantasy', 'Urban Fantasy']",Completed,6
"Ore ga Ojousama Gakkou ni ""Shomin Sample"" Toshite Gets♥Sareta Ken","['Comedy', 'Ecchi', 'Harem', 'Romance', 'School']",Completed,7
"Ore ga Ojousama Gakkou ni ""Shomin Sample"" Toshite Gets♥Sareta Ken Specials","['Comedy', 'Ecchi', 'Harem', 'Romance', 'School']",Completed,7
Ore ga Suki nano wa Imouto dakedo Imouto ja Nai,"['Comedy', 'Ecchi', 'Romance']",Completed,6
Ore Monogatari!!,"['Comedy', 'Romance', 'Shoujo']",Completed,0
Ore no Imouto ga Konnani Kawaii Wake ga Nai,"['Comedy', 'Otaku Culture']",Completed,0
Ore no Imouto ga Konnani Kawaii Wake ga Nai Specials,"['Comedy', 'Otaku Culture', 'Romance']",Completed,0
Ore no Imouto ga Konnani Kawaii Wake ga Nai.,"['Comedy', 'Otaku Culture', 'Romance']",Completed,0
Ore no Imouto ga Konnani Kawaii Wake ga Nai. Specials,"['Comedy', 'Otaku Culture', 'Romance']",Completed,0
Ore no Kanojo to Osananajimi ga Shuraba Sugiru,"['Comedy', 'Harem', 'Romance', 'School']",Completed,8
"Ore wa Subete wo ""Parry"" suru: Gyaku Kanchigai no Sekai Saikyou wa Boukensha ni Naritai","['Action', 'Adventure', 'Fantasy']",Completed,7
Ore wo Suki nano wa Omae dake ka yo,"['Comedy', 'Harem', 'Romance', 'School']",Completed,9
Ore wo Suki nano wa Omae dake ka yo: Ore wa Teinei ni Susumeru,"['Comedy', 'Romance', 'School']",Completed,0
Oroka na Tenshi wa Akuma to Odoru,"['Comedy', 'Love Status Quo', 'Mythology', 'School', 'Seinen', 'Supernatural']",Completed,7
Osake wa Fuufu ni Natte kara,"['Adult Cast', 'Comedy', 'Gourmet', 'Romance']",Completed,0
Oshiete! Galko-chan,"['Comedy', 'School']",Completed,0
Oshiete! Galko-chan: Natsuyasumi tte Hontou desu ka?,['Comedy'],Completed,0
Osomatsu-san,"['Comedy', 'Gag Humor', 'Parody']",Completed,0
Osomatsu-san Special,"['Comedy', 'Gag Humor', 'Parody']",Completed,0
Otome Game no Hametsu Flag shika Nai Akuyaku Reijou ni Tensei shiteshimatta...,"['Comedy', 'Fantasy', 'Isekai', 'Reverse Harem', 'Romance', 'School', 'Shoujo', 'Villainess']",Completed,0
Otome Game Sekai wa Mob ni Kibishii Sekai desu,"['Action', 'Fantasy', 'Harem', 'Isekai', 'Mecha', 'Reincarnation', 'Romance', 'School']",Completed,0
Otonari ni Ginga,"['Childcare', 'Otaku Culture', 'Romance', 'Seinen', 'Supernatural']",Completed,6
Ousama Ranking,"['Adventure', 'Fantasy']",Completed,8
Outbreak Company,"['Comedy', 'Fantasy', 'Harem', 'Isekai', 'Otaku Culture', 'Parody']",Completed,0
Overlord,"['Action', 'Adventure', 'Fantasy', 'Isekai']",Completed,8
Overlord II,"['Action', 'Adventure', 'Fantasy', 'Isekai']",Completed,8
Overlord III,"['Action', 'Adventure', 'Fantasy', 'Isekai']",Completed,7
Overlord IV,"['Action', 'Adventure', 'Fantasy', 'Isekai']",Completed,8
Overlord: Ple Ple Pleiades,"['Action', 'Comedy', 'Fantasy', 'Isekai']",Completed,7
Overlord: Ple Ple Pleiades - Nazarick Saidai no Kiki,"['Action', 'Comedy', 'Fantasy', 'Isekai']",Completed,0
Owari no Seraph,"['Action', 'Drama', 'Fantasy', 'Military', 'Shounen', 'Urban Fantasy', 'Vampire']",Completed,5
Owari no Seraph: Nagoya Kessen-hen,"['Action', 'Drama', 'Fantasy', 'Military', 'Shounen', 'Urban Fantasy', 'Vampire']",Completed,4
Plastic Memories,"['Drama', 'Romance', 'Sci-Fi']",Completed,6
Prison School: Mad Wax,"['Comedy', 'Ecchi', 'Gag Humor', 'School', 'Seinen']",Completed,0
Rakudai Kishi no Cavalry,"['Action', 'Ecchi', 'Fantasy', 'Romance', 'School', 'Urban Fantasy']",Completed,0
Re:Zero kara Hajimeru Isekai Seikatsu,"['Drama', 'Fantasy', 'Isekai', 'Psychological', 'Suspense', 'Time Travel']",Completed,8
Re:Zero kara Hajimeru Isekai Seikatsu - Hyouketsu no Kizuna,"['Drama', 'Fantasy', 'Psychological', 'Suspense']",Completed,7
Re:Zero kara Hajimeru Isekai Seikatsu - Memory Snow,"['Fantasy', 'Isekai']",Completed,8
Re:Zero kara Hajimeru Isekai Seikatsu 2nd Season,"['Drama', 'Fantasy', 'Isekai', 'Psychological', 'Suspense', 'Time Travel']",Completed,0
ReLIFE,"['Drama', 'Romance', 'School']",Completed,10
ReLIFE: Kanketsu-hen,"['Drama', 'Romance', 'School']",Completed,8
Renai Boukun,"['Comedy', 'Harem', 'Romance', 'School', 'Supernatural']",Completed,7
Renai Flops,"['Comedy', 'Ecchi', 'Harem', 'Romance', 'School', 'Sci-Fi']",Completed,6
Rikei ga Koi ni Ochita no de Shoumei shitemita.,"['Adult Cast', 'Comedy', 'Romance']",Completed,7
Romantic Killer,"['Comedy', 'Parody', 'Reverse Harem', 'Romance', 'Shounen', 'Supernatural']",Completed,8
Runway de Waratte,"['Drama', 'School', 'Shounen', 'Showbiz', 'Visual Arts']",Completed,7
Saenai Heroine no Sodatekata,"['Comedy', 'Ecchi', 'Harem', 'Otaku Culture', 'Romance', 'School']",Completed,0
Saenai Heroine no Sodatekata ♭,"['Comedy', 'Ecchi', 'Harem', 'Otaku Culture', 'Romance', 'School']",Completed,0
Saenai Heroine no Sodatekata Fine,"['Comedy', 'Harem', 'Otaku Culture', 'Romance', 'School']",Completed,0
Saiki Kusuo no Ψ-nan,"['Comedy', 'Gag Humor', 'School', 'Shounen', 'Super Power']",Completed,9
Saiki Kusuo no Ψ-nan (ONA),"['Comedy', 'School', 'Shounen', 'Super Power']",Completed,0
Saiki Kusuo no Ψ-nan 2,"['Comedy', 'Gag Humor', 'School', 'Shounen', 'Super Power']",Completed,9
Saiki Kusuo no Ψ-nan: Ψ-shidou-hen,"['Comedy', 'Gag Humor', 'School', 'Shounen', 'Super Power']",Completed,0
Saiki Kusuo no Ψ-nan: Kanketsu-hen,"['Comedy', 'Gag Humor', 'School', 'Shounen', 'Super Power']",Completed,0
Saikin Yatotta Maid ga Ayashii,"['Comedy', 'Love Status Quo', 'Romance', 'Shounen']",Completed,6
Sakamoto desu ga?,"['Comedy', 'Gag Humor', 'School', 'Seinen']",Completed,7
Sakamoto desu ga? Sakamoto deshita?,"['Comedy', 'Gag Humor', 'School', 'Seinen']",Completed,0
Sakura Trick,"['Comedy', 'Girls Love', 'School', 'Seinen']",Completed,6
Sakura-sou no Pet na Kanojo,"['Drama', 'Romance', 'School', 'Visual Arts']",Completed,8
Sankarea OVA,"['Comedy', 'Ecchi', 'Horror', 'Love Polygon', 'Romance', 'Shounen', 'Supernatural']",Completed,0
Sankarea: Wagahai mo... Zombie de Aru...,"['Comedy', 'Ecchi', 'Horror', 'Love Polygon', 'Romance', 'Shounen', 'Supernatural']",Completed,0
Sasaki to Pii-chan,"['Adventure', 'Comedy', 'Fantasy', 'Isekai']",Completed,6
Sayonara Zetsubou Sensei,"['Comedy', 'Gag Humor', 'Parody', 'School', 'Shounen']",Completed,10
School Days,"['Drama', 'Harem', 'Romance', 'School']",Completed,8
School Rumble,"['Comedy', 'Gag Humor', 'Love Polygon', 'Romance', 'School', 'Shounen']",Completed,0
"Seija Musou: Salaryman, Isekai de Ikinokoru Tame ni Ayumu Michi","['Adventure', 'Comedy', 'Fantasy', 'Isekai', 'Reincarnation']",Completed,6
Seishun Buta Yarou wa Bunny Girl Senpai no Yume wo Minai,"['Drama', 'Romance', 'School', 'Supernatural']",Completed,9
Seishun Buta Yarou wa Yumemiru Shoujo no Yume wo Minai,"['Drama', 'Romance', 'School', 'Supernatural']",Completed,9
Seitokai no Ichizon,"['Comedy', 'Harem', 'Parody', 'School']",Completed,9
Seitokai no Ichizon Lv.2,"['Comedy', 'Harem', 'Parody', 'School']",Completed,9
Seitokai Yakuindomo,"['Comedy', 'Gag Humor', 'School', 'Shounen']",Completed,0
Sekai Seifuku: Bouryaku no Zvezda,"['Action', 'Comedy', 'Fantasy', 'Sci-Fi', 'Super Power']",Completed,7
Senpai ga Uzai Kouhai no Hanashi,"['Adult Cast', 'Comedy', 'Love Status Quo', 'Workplace']",Completed,0
Senryuu Shoujo,"['Comedy', 'Love Status Quo', 'School', 'Shounen']",Completed,6
"Sentouin, Hakenshimasu!","['Action', 'Comedy', 'Fantasy', 'Isekai', 'Sci-Fi']",Completed,8
Serial Experiments Lain,"['Avant Garde', 'Award Winning', 'Drama', 'Mystery', 'Psychological', 'Sci-Fi', 'Supernatural', 'Suspense']",Completed,9
Servant x Service,"['Adult Cast', 'Comedy', 'Seinen', 'Workplace']",Completed,7
Seto no Hanayome,"['Comedy', 'Organized Crime', 'Parody', 'Romance', 'School', 'Shounen', 'Supernatural']",Completed,8
Seto no Hanayome OVA,"['Comedy', 'Organized Crime', 'Parody', 'Romance', 'School', 'Shounen', 'Supernatural']",Completed,7
Seto no Hanayome OVA Specials,"['Comedy', 'Parody', 'School']",Completed,7
Sewayaki Kitsune no Senko-san,"['Iyashikei', 'Slice of Life', 'Supernatural']",Completed,7
Shigatsu wa Kimi no Uso,"['Drama', 'Love Polygon', 'Music', 'Romance', 'School', 'Shounen']",Completed,8
Shigatsu wa Kimi no Uso: Moments,"['Music', 'Shounen']",Completed,3
"Shijou Saikyou no Daimaou, Murabito A ni Tensei suru","['Action', 'Fantasy', 'Harem', 'Reincarnation', 'School']",Completed,6
Shimoneta to Iu Gainen ga Sonzai Shinai Taikutsu na Sekai,"['Comedy', 'Ecchi', 'Gag Humor', 'School']",Completed,9
Shinchou Yuusha: Kono Yuusha ga Ore Tueee Kuse ni Shinchou Sugiru,"['Action', 'Adventure', 'Comedy', 'Fantasy', 'Isekai', 'Parody']",Completed,9
Shinseiki Evangelion,"['Action', 'Avant Garde', 'Award Winning', 'Drama', 'Mecha', 'Psychological', 'Sci-Fi', 'Suspense']",Completed,6
"Shinseiki Evangelion Movie: Air/Magokoro wo, Kimi ni","['Action', 'Avant Garde', 'Drama', 'Mecha', 'Psychological', 'Sci-Fi', 'Suspense']",Completed,5
"Sokushi Cheat ga Saikyou sugite, Isekai no Yatsura ga Marude Aite ni Naranai n desu ga.","['Action', 'Adventure', 'Comedy', 'Fantasy', 'Isekai', 'Parody']",Completed,0
Sono Bisque Doll wa Koi wo Suru,"['Otaku Culture', 'Romance', 'School', 'Seinen']",Completed,7
Sounan desu ka?,"['Adventure', 'CGDCT', 'Comedy', 'Seinen', 'Survival', 'Suspense']",Completed,5
Sousou no Frieren,"['Adventure', 'Drama', 'Fantasy', 'Shounen']",Completed,10
Special A,"['Comedy', 'Romance', 'School', 'Shoujo']",Completed,0
Spy x Family,"['Action', 'Award Winning', 'Childcare', 'Comedy', 'Shounen', 'Super Power']",Completed,8
Summertime Render,"['Mystery', 'Shounen', 'Supernatural', 'Suspense', 'Time Travel']",Completed,8
Suntory Minami Alps no Tennensui,['Slice of Life'],Completed,1
Sword Art Online,"['Action', 'Adventure', 'Fantasy', 'Love Polygon', 'Romance', 'Video Game']",Completed,8
Sword Art Online Alternative: Gun Gale Online,"['Action', 'Military', 'Video Game']",Completed,5
Sword Art Online II,"['Action', 'Adventure', 'Fantasy', 'Love Polygon', 'Romance', 'Video Game']",Completed,1
Sword Art Online Movie: Ordinal Scale,"['Action', 'Adventure', 'Sci-Fi', 'Video Game']",Completed,6
Sword Art Online: Alicization,"['Action', 'Adventure', 'Fantasy', 'Video Game']",Completed,6
Tada-kun wa Koi wo Shinai,"['Comedy', 'Romance', 'School', 'Visual Arts']",Completed,7
Takanashi Rikka Kai: Chuunibyou demo Koi ga Shitai! Movie,"['Comedy', 'Romance', 'School']",Completed,8
Tanaka-kun wa Itsumo Kedaruge,"['Iyashikei', 'School', 'Slice of Life']",Completed,5
Tate no Yuusha no Nariagari,"['Action', 'Adventure', 'Drama', 'Fantasy', 'Isekai']",Completed,6
Tengoku Daimakyou,"['Adventure', 'Mystery', 'Sci-Fi', 'Seinen']",Completed,8
Tensai Ouji no Akaji Kokka Saisei Jutsu,"['Comedy', 'Fantasy']",Completed,8
"Tensei Kizoku, Kantei Skill de Nariagaru","['Adventure', 'Fantasy', 'Isekai', 'Reincarnation']",Completed,6
"Tensei shitara Dainana Ouji Datta node, Kimama ni Majutsu wo Kiwamemasu","['Adventure', 'Fantasy', 'Reincarnation']",Completed,7
Tensei shitara Ken deshita,"['Action', 'Adventure', 'Fantasy', 'Isekai', 'Reincarnation']",Completed,0
Tensei shitara Slime Datta Ken,"['Action', 'Comedy', 'Fantasy', 'Isekai', 'Reincarnation', 'Shounen']",Completed,6
Tenshi no 3P!,"['Music', 'School']",Completed,8
The Last: Naruto the Movie,"['Action', 'Adventure', 'Fantasy', 'Romance', 'Shounen']",Completed,9
Tokidoki Bosotto Russia-go de Dereru Tonari no Alya-san,"['Comedy', 'Romance', 'School']",Completed,9
Tokyo Ghoul,"['Action', 'Fantasy', 'Gore', 'Horror', 'Psychological', 'Seinen', 'Suspense', 'Urban Fantasy']",Completed,7
Tokyo Ghoul √A,"['Action', 'Fantasy', 'Gore', 'Horror', 'Psychological', 'Seinen', 'Suspense', 'Urban Fantasy']",Completed,4
Tokyo Ghoul:re,"['Action', 'Fantasy', 'Gore', 'Horror', 'Psychological', 'Seinen', 'Suspense', 'Urban Fantasy']",Completed,3
Tokyo Ghoul:re 2nd Season,"['Action', 'Fantasy', 'Gore', 'Horror', 'Psychological', 'Seinen', 'Suspense', 'Urban Fantasy']",Completed,0
Tokyo Revengers,"['Action', 'Delinquents', 'Drama', 'Shounen', 'Time Travel']",Completed,5
Tomo-chan wa Onnanoko!,"['Comedy', 'Romance', 'School']",Completed,7
Tomodachi Game,"['High Stakes Game', 'Psychological', 'Shounen', 'Strategy Game', 'Suspense']",Completed,7
Tonari no Kaibutsu-kun,"['Comedy', 'Romance', 'School', 'Shoujo']",Completed,8
Tonari no Seki-kun,"['Comedy', 'School', 'Seinen']",Completed,6
Tonikaku Kawaii,"['Comedy', 'Romance', 'Shounen']",Completed,8
Tonikaku Kawaii 2nd Season,"['Comedy', 'Romance', 'Shounen']",Completed,0
Tonikaku Kawaii: Kaisou,"['Comedy', 'Romance', 'Shounen']",Completed,7
Toradora!,"['Drama', 'Love Polygon', 'Romance', 'School']",Completed,10
Tsuki ga Kirei,"['Romance', 'School']",Completed,7
Tsurezure Children,"['Comedy', 'Romance', 'School', 'Shounen']",Completed,7
Tsurune: Kazemai Koukou Kyuudou-bu,"['School', 'Sports']",Completed,6
Tsuujou Kougeki ga Zentai Kougeki de Ni-kai Kougeki no Okaasan wa Suki desu ka?,"['Adventure', 'Comedy', 'Ecchi', 'Fantasy']",Completed,4
Ueno-san wa Bukiyou,"['Comedy', 'Love Status Quo', 'School', 'Seinen']",Completed,7
Undead Girl Murder Farce,"['Adult Cast', 'Detective', 'Fantasy', 'Historical', 'Mystery', 'Urban Fantasy', 'Vampire']",Completed,8
Undead Unluck,"['Action', 'Comedy', 'Shounen', 'Super Power']",Completed,8
Urusei Yatsura (2022),"['Comedy', 'Romance', 'Sci-Fi', 'Shounen']",Completed,8
Urusei Yatsura (2022) 2nd Season,"['Comedy', 'Romance', 'Sci-Fi', 'Shounen']",Completed,8
Usagi Drop,"['Childcare', 'Iyashikei', 'Josei', 'Slice of Life']",Completed,10
Usagi Drop Specials,"['Childcare', 'Iyashikei', 'Josei', 'Slice of Life']",Completed,9
Uzaki-chan wa Asobitai!,"['Adult Cast', 'Comedy', 'Love Status Quo', 'Romance']",Completed,8
Watashi ga Motenai no wa Dou Kangaetemo Omaera ga Warui!,"['Comedy', 'Otaku Culture', 'School']",Completed,9
"Watashi ga Motenai no wa Dou Kangaetemo Omaera ga Warui!: Motenaishi, Nazomeite Miru","['Comedy', 'Otaku Culture', 'School']",Completed,8
Working!!,"['Comedy', 'Love Status Quo', 'Seinen', 'Workplace']",Completed,9
Working!!!,"['Comedy', 'Romance', 'Seinen', 'Workplace']",Completed,8
Working'!!,"['Comedy', 'Love Status Quo', 'Seinen', 'Workplace']",Completed,8
Working'!! Announcement Specials,['Comedy'],Completed,7
Wotaku ni Koi wa Muzukashii,"['Adult Cast', 'Comedy', 'Otaku Culture', 'Romance', 'Workplace']",Completed,6
WWW.Working!!,"['Comedy', 'Workplace']",Completed,8
Yagate Kimi ni Naru,"['Drama', 'Girls Love', 'School']",Completed,6
Yahari Ore no Seishun Love Comedy wa Machigatteiru.,"['Comedy', 'Love Polygon', 'Romance', 'School']",Completed,7
Yahari Ore no Seishun Love Comedy wa Machigatteiru. OVA,"['Comedy', 'Love Polygon', 'Romance', 'School']",Completed,7
Yahari Ore no Seishun Love Comedy wa Machigatteiru. Zoku,"['Comedy', 'Love Polygon', 'Romance', 'School']",Completed,6
Yakusoku no Neverland,"['Mystery', 'Psychological', 'Shounen', 'Survival', 'Suspense']",Completed,8
Yamada-kun to 7-nin no Majo,"['Comedy', 'Harem', 'Mystery', 'Romance', 'School', 'Shounen', 'Supernatural']",Completed,8
Yesterday wo Utatte,"['Adult Cast', 'Drama', 'Love Polygon', 'Romance', 'Seinen']",Completed,8
Yofukashi no Uta,"['Romance', 'Shounen', 'Supernatural', 'Vampire']",Completed,9
Youjo Senki,"['Action', 'Fantasy', 'Isekai', 'Military', 'Reincarnation']",Completed,9
Youjo Senki: Sabaku no Pasta Daisakusen,"['Action', 'Fantasy', 'Isekai', 'Military', 'Reincarnation']",Completed,8
Youkoso Jitsuryoku Shijou Shugi no Kyoushitsu e,"['Drama', 'Psychological', 'School', 'Suspense']",Completed,7
Yuragi-sou no Yuuna-san,"['Comedy', 'Ecchi', 'Harem', 'Romance', 'Shounen', 'Supernatural']",Completed,7
Yuru Yuri,"['Award Winning', 'CGDCT', 'Comedy', 'Gag Humor', 'Girls Love', 'School']",Completed,0
Yuru Yuri♪♪,"['CGDCT', 'Comedy', 'Gag Humor', 'Girls Love', 'School']",Completed,0
"Yuusha, Yamemasu","['Action', 'Adventure', 'Comedy', 'Fantasy']",Completed,8
"Yuusha, Yamemasu: Kenshuu Ryokou wa Mokuteki wo Miushinau na","['Action', 'Adventure', 'Comedy', 'Fantasy']",Completed,7
Zan Sayonara Zetsubou Sensei,"['Comedy', 'Gag Humor', 'Parody', 'School', 'Shounen']",Completed,8
Zoku Sayonara Zetsubou Sensei,"['Comedy', 'Gag Humor', 'Parody', 'School', 'Shounen']",Completed,9
Zom 100: Zombie ni Naru made ni Shitai 100 no Koto,"['Action', 'Adult Cast', 'Comedy', 'Gore', 'Horror', 'Seinen', 'Survival', 'Suspense']",Completed,8
