Title,Genres,Median Score
One Piece Fan Letter,"['Action', 'Adventure', 'Fantasy', 'Shounen']",
Steins;Gate,"['Drama', 'Psychological', 'Sci-Fi', 'Suspense', 'Time Travel']",
Shingeki no Kyojin Season 3 Part 2,"['Action', 'Drama', 'Gore', 'Military', 'Shounen', 'Survival', 'Suspense']",
Hunter x Hunter (2011),"['Action', 'Adventure', 'Fantasy', 'Shounen']",
Ginga Eiyuu Densetsu,"['Adult Cast', 'Drama', 'Military', 'Sci-Fi', 'Space']",
Bleach: Sennen Kessen-hen,"['Action', 'Adventure', 'Shounen', 'Supernatural']",
Fruits Basket: The Final,"['Drama', 'Romance', 'Shoujo', 'Supernatural']",
3-gatsu no Lion 2nd Season,"['Childcare', 'Drama', 'Seinen', 'Strategy Game']",
Code Geass: Hangyaku no Lelouch R2,"['Action', 'Award Winning', 'Drama', 'Mecha', 'Military', 'Sci-Fi', 'Super Power']",
Kusuriya no Hitorigoto,"['Drama', 'Historical', 'Medical', 'Mystery']",
Owarimonogatari 2nd Season,"['Comedy', 'Mystery', 'Supernatural', 'Vampire']",
Shingeki no Kyojin: The Final Season - Kanketsu-hen,"['Action', 'Drama', 'Gore', 'Military', 'Shounen', 'Survival', 'Suspense']",
Violet Evergarden Movie,"['Award Winning', 'Drama']",
Kingdom 3rd Season,"['Action', 'Historical', 'Military', 'Seinen']",
Bleach: Sennen Kessen-hen - Soukoku-tan,"['Action', 'Adventure', 'Shounen', 'Supernatural']",
Vinland Saga Season 2,"['Action', 'Adventure', 'Drama', 'Gore', 'Historical', 'Seinen']",
Kizumonogatari III: Reiketsu-hen,"['Action', 'Mystery', 'Supernatural', 'Vampire']",
Shingeki no Kyojin: The Final Season,"['Action', 'Drama', 'Gore', 'Military', 'Shounen', 'Survival', 'Suspense']",
Sen to Chihiro no Kamikakushi,"['Adventure', 'Award Winning', 'Fantasy', 'Mythology']",
Boku no Kokoro no Yabai Yatsu 2nd Season,"['Comedy', 'Romance', 'School', 'Shounen']",
Haikyuu!! Karasuno Koukou vs. Shiratorizawa Gakuen Koukou,"['School', 'Shounen', 'Sports', 'Team Sports']",
Hajime no Ippo,"['Combat Sports', 'Shounen', 'Sports']",
Shingeki no Kyojin: The Final Season Part 2,"['Action', 'Drama', 'Gore', 'Military', 'Shounen', 'Survival', 'Suspense']",
Vinland Saga,"['Action', 'Adventure', 'Drama', 'Gore', 'Historical', 'Seinen']",
Monogatari Series: Second Season,"['Comedy', 'Mystery', 'Romance', 'Supernatural', 'Vampire']",
Cowboy Bebop,"['Action', 'Adult Cast', 'Award Winning', 'Sci-Fi', 'Space']",
The First Slam Dunk,"['Award Winning', 'School', 'Shounen', 'Sports', 'Team Sports']",
Shiguang Dailiren,"['Adult Cast', 'Drama', 'Mystery', 'Super Power', 'Suspense', 'Time Travel']",
Kingdom 4th Season,"['Action', 'Historical', 'Military', 'Seinen']",
One Piece,"['Action', 'Adventure', 'Fantasy', 'Shounen']",
Ashita no Joe 2,"['Combat Sports', 'Drama', 'Shounen', 'Sports']",
Hibike! Euphonium 3,"['Drama', 'Music', 'Performing Arts', 'School']",
Kingdom 5th Season,"['Action', 'Historical', 'Military', 'Seinen']",
Monogatari Series: Off & Monster Season,"['Comedy', 'Mystery', 'Supernatural', 'Vampire']",
Mushishi Zoku Shou 2nd Season,"['Adult Cast', 'Adventure', 'Historical', 'Iyashikei', 'Mystery', 'Seinen', 'Slice of Life', 'Supernatural']",
Re:Zero kara Hajimeru Isekai Seikatsu 3rd Season,"['Drama', 'Fantasy', 'Isekai', 'Psychological', 'Suspense', 'Time Travel']",
Mob Psycho 100 III,"['Action', 'Comedy', 'Supernatural']",
86 Part 2,"['Action', 'Drama', 'Mecha', 'Military', 'Sci-Fi']",
Bleach: Sennen Kessen-hen - Ketsubetsu-tan,"['Action', 'Adventure', 'Shounen', 'Supernatural']",
Code Geass: Hangyaku no Lelouch,"['Action', 'Award Winning', 'Drama', 'Mecha', 'Military', 'School', 'Sci-Fi', 'Super Power']",
Shiguang Dailiren: Yingdu Pian,"['Adult Cast', 'Drama', 'Super Power', 'Time Travel']",
Shouwa Genroku Rakugo Shinjuu: Sukeroku Futatabi-hen,"['Adult Cast', 'Drama', 'Historical', 'Josei', 'Love Polygon', 'Performing Arts']",
Look Back,"['Drama', 'Otaku Culture', 'Shounen']",
Rurouni Kenshin: Meiji Kenkaku Romantan - Tsuioku-hen,"['Action', 'Adult Cast', 'Drama', 'Historical', 'Romance', 'Samurai', 'Shounen']",
Mushishi Zoku Shou,"['Adult Cast', 'Adventure', 'Historical', 'Iyashikei', 'Mystery', 'Seinen', 'Slice of Life', 'Supernatural']",
Mo Dao Zu Shi: Wanjie Pian,"['Action', 'Adventure', 'Drama', 'Fantasy', 'Historical', 'Mystery', 'Mythology', 'Reincarnation']",
Violet Evergarden,['Drama'],
Hajime no Ippo: New Challenger,"['Combat Sports', 'Shounen', 'Sports']",
Mononoke Hime,"['Action', 'Adventure', 'Award Winning', 'Fantasy']",
Tian Guan Cifu Er,"['Action', 'Adventure', 'Drama', 'Fantasy', 'Historical', 'Mythology']",
Fate/stay night Movie: Heaven's Feel - III. Spring Song,"['Action', 'Fantasy', 'Urban Fantasy']",
Mushishi,"['Adult Cast', 'Adventure', 'Historical', 'Iyashikei', 'Mystery', 'Seinen', 'Slice of Life', 'Supernatural']",
Odd Taxi,"['Adult Cast', 'Anthropomorphic', 'Award Winning', 'Drama', 'Mystery', 'Organized Crime', 'Suspense']",
Made in Abyss,"['Adventure', 'Drama', 'Fantasy', 'Gore', 'Mystery', 'Sci-Fi']",
Natsume Yuujinchou Shi,"['Iyashikei', 'Mythology', 'Shoujo', 'Slice of Life', 'Supernatural']",
Dandadan,"['Action', 'Comedy', 'Shounen', 'Supernatural']",
Bungou Stray Dogs 5th Season,"['Action', 'Adult Cast', 'Detective', 'Mystery', 'Organized Crime', 'Seinen', 'Super Power', 'Vampire']",
Haikyuu!! Movie: Gomisuteba no Kessen,"['School', 'Shounen', 'Sports', 'Team Sports']",
Shiguang Dailiren II,"['Adult Cast', 'Drama', 'Mystery', 'Super Power', 'Suspense', 'Time Travel']",
Shingeki no Kyojin Season 3,"['Action', 'Drama', 'Gore', 'Military', 'Shounen', 'Survival', 'Suspense']",
Tengen Toppa Gurren Lagann,"['Action', 'Adventure', 'Award Winning', 'Mecha', 'Sci-Fi']",
Made in Abyss: Retsujitsu no Ougonkyou,"['Adventure', 'Drama', 'Fantasy', 'Gore', 'Mystery', 'Sci-Fi']",
Ping Pong the Animation,"['Award Winning', 'Drama', 'Seinen', 'Sports']",
Death Note,"['Psychological', 'Shounen', 'Supernatural', 'Suspense']",
Haikyuu!! Second Season,"['School', 'Shounen', 'Sports', 'Team Sports']",
"""Oshi no Ko"" 2nd Season","['Drama', 'Reincarnation', 'Seinen', 'Showbiz']",
Cyberpunk: Edgerunners,"['Action', 'Gore', 'Organized Crime', 'Sci-Fi']",
Hajime no Ippo: Rising,"['Combat Sports', 'Shounen', 'Sports']",
Made in Abyss Movie 3: Fukaki Tamashii no Reimei,"['Adventure', 'Drama', 'Fantasy', 'Gore', 'Mystery', 'Sci-Fi']",
Natsume Yuujinchou Roku,"['Iyashikei', 'Mythology', 'Shoujo', 'Slice of Life', 'Supernatural']",
Kenpuu Denki Berserk,"['Action', 'Adventure', 'Drama', 'Fantasy', 'Gore', 'Horror', 'Military', 'Seinen']",
Suzumiya Haruhi no Shoushitsu,"['Award Winning', 'Mystery', 'School', 'Sci-Fi', 'Supernatural']",
Shin Evangelion Movie:||,"['Action', 'Award Winning', 'Drama', 'Mecha', 'Psychological', 'Sci-Fi', 'Suspense']",
Tengen Toppa Gurren Lagann Movie 2: Lagann-hen,"['Action', 'Mecha', 'Sci-Fi', 'Space', 'Super Power']",
JoJo no Kimyou na Bouken Part 5: Ougon no Kaze,"['Action', 'Adventure', 'Organized Crime', 'Shounen', 'Super Power']",
Mushishi Zoku Shou: Suzu no Shizuku,"['Adult Cast', 'Adventure', 'Historical', 'Iyashikei', 'Mystery', 'Seinen', 'Slice of Life', 'Supernatural']",
Natsume Yuujinchou Shichi,"['Iyashikei', 'Mythology', 'Shoujo', 'Slice of Life', 'Supernatural']",
Natsume Yuujinchou San,"['Iyashikei', 'Mythology', 'Shoujo', 'Slice of Life', 'Supernatural']",
Doupo Cangqiong: San Nian Zhi Yue,"['Action', 'Fantasy', 'Martial Arts']",
Kizumonogatari II: Nekketsu-hen,"['Action', 'Mystery', 'Supernatural', 'Vampire']",
Nana,"['Adult Cast', 'Drama', 'Love Polygon', 'Music', 'Romance', 'Shoujo']",
Natsume Yuujinchou Go,"['Iyashikei', 'Mythology', 'Shoujo', 'Slice of Life', 'Supernatural']",
Ookami Kodomo no Ame to Yuki,"['Award Winning', 'Childcare', 'Slice of Life', 'Supernatural']",
Perfect Blue,"['Adult Cast', 'Avant Garde', 'Award Winning', 'Drama', 'Horror', 'Psychological', 'Showbiz', 'Suspense']",
Shingeki no Kyojin,"['Action', 'Award Winning', 'Drama', 'Gore', 'Military', 'Shounen', 'Survival', 'Suspense']",
Shouwa Genroku Rakugo Shinjuu,"['Drama', 'Historical', 'Josei', 'Love Polygon', 'Performing Arts']",
Slam Dunk,"['School', 'Shounen', 'Sports', 'Team Sports']",
Yojouhan Shinwa Taikei,"['Adult Cast', 'Award Winning', 'Comedy', 'Mystery', 'Psychological', 'Romance', 'Suspense', 'Time Travel']",
Haikyuu!! To the Top Part 2,"['School', 'Shounen', 'Sports', 'Team Sports']",
Fate/Zero 2nd Season,"['Action', 'Fantasy', 'Urban Fantasy']",
Fruits Basket 2nd Season,"['Drama', 'Romance', 'School', 'Shoujo', 'Supernatural']",
Steins;Gate 0,"['Drama', 'Sci-Fi', 'Suspense', 'Time Travel']",
Zoku Natsume Yuujinchou,"['Iyashikei', 'Mythology', 'Shoujo', 'Slice of Life', 'Supernatural']",
JoJo no Kimyou na Bouken Part 6: Stone Ocean Part 3,"['Action', 'Adventure', 'Shounen', 'Super Power']",
Kimi ni Todoke 3rd Season,"['Drama', 'Romance', 'School', 'Shoujo']",
Mushishi: Hihamukage,"['Adult Cast', 'Adventure', 'Historical', 'Iyashikei', 'Mystery', 'Seinen', 'Slice of Life', 'Supernatural']",
Shingeki no Kyojin Season 2,"['Action', 'Drama', 'Gore', 'Military', 'Shounen', 'Survival', 'Suspense']",
Shoujo☆Kageki Revue Starlight Movie,"['Drama', 'Music', 'Performing Arts', 'School']",
Bakuman. 3rd Season,"['Comedy', 'Drama', 'Otaku Culture', 'Romance', 'Shounen']",
Hotaru no Haka,"['Drama', 'Historical']",
Kara no Kyoukai Movie 5: Mujun Rasen,"['Action', 'Drama', 'Fantasy', 'Mystery', 'Romance', 'Suspense', 'Urban Fantasy']",
Koukaku Kidoutai: Stand Alone Complex 2nd GIG,"['Action', 'Adult Cast', 'Detective', 'Mecha', 'Military', 'Mystery', 'Sci-Fi', 'Seinen']",
Samurai Champloo,"['Action', 'Adventure', 'Comedy', 'Historical', 'Samurai']",
Sora yori mo Tooi Basho,"['Adventure', 'CGDCT', 'Comedy', 'Drama']",
Yuru Camp△ Season 2,"['CGDCT', 'Iyashikei', 'Slice of Life']",
Tian Guan Cifu Special,"['Action', 'Adventure', 'Drama', 'Fantasy', 'Historical', 'Mythology']",
JoJo no Kimyou na Bouken Part 4: Diamond wa Kudakenai,"['Action', 'Adventure', 'Shounen', 'Super Power']",
Mahou Shoujo Madoka★Magica Movie 3: Hangyaku no Monogatari,"['Award Winning', 'Drama', 'Mahou Shoujo', 'Psychological', 'Suspense']",
Ansatsu Kyoushitsu 2nd Season,"['Action', 'Comedy', 'School', 'Shounen']",
Aria the Origination,"['Fantasy', 'Iyashikei', 'Sci-Fi', 'Shounen', 'Slice of Life']",
Uchuu Kyoudai,"['Adult Cast', 'Comedy', 'Seinen', 'Space', 'Workplace']",
Nichijou,"['Comedy', 'Gag Humor', 'School', 'Shounen']",
Fate/stay night Movie: Heaven's Feel - II. Lost Butterfly,"['Action', 'Fantasy', 'Urban Fantasy']",
Banana Fish,"['Action', 'Adventure', 'Delinquents', 'Drama', 'Organized Crime', 'Psychological', 'Shoujo', 'Suspense']",
Chihayafuru 3,"['Drama', 'Josei', 'Love Polygon', 'School', 'Sports', 'Strategy Game']",
Gintama: The Semi-Final,"['Action', 'Comedy', 'Gag Humor', 'Historical', 'Parody', 'Samurai', 'Shounen']",
Yuu☆Yuu☆Hakusho,"['Action', 'Martial Arts', 'Mythology', 'Shounen', 'Supernatural']",
Mo Dao Zu Shi,"['Action', 'Adventure', 'Drama', 'Fantasy', 'Historical', 'Mystery', 'Mythology', 'Reincarnation']",
Mo Dao Zu Shi: Xian Yun Pian,"['Action', 'Adventure', 'Drama', 'Fantasy', 'Historical', 'Mystery', 'Mythology', 'Reincarnation']",
Pluto,"['Action', 'Detective', 'Mystery', 'Psychological', 'Sci-Fi', 'Seinen', 'Suspense']",
Rainbow: Nisha Rokubou no Shichinin,"['Delinquents', 'Drama', 'Historical', 'Seinen', 'Suspense']",
Owarimonogatari,"['Comedy', 'Mystery', 'Supernatural', 'Vampire']",
Doupo Cangqiong: Nian Fan,"['Action', 'Adventure', 'Fantasy', 'Martial Arts']",
Steins;Gate Movie: Fuka Ryouiki no Déjà vu,"['Drama', 'Sci-Fi']",
Uma Musume: Pretty Derby - Shin Jidai no Tobira,"['Anthropomorphic', 'Racing', 'Sports']",
Zoku Owarimonogatari,"['Comedy', 'Mystery', 'Supernatural', 'Vampire']",
JoJo no Kimyou na Bouken Part 3: Stardust Crusaders - Egypt-hen,"['Action', 'Adventure', 'Shounen', 'Super Power']",
Karakai Jouzu no Takagi-san Movie,"['Love Status Quo', 'School', 'Shounen']",
Mushoku Tensei II: Isekai Ittara Honki Dasu Part 2,"['Adventure', 'Drama', 'Ecchi', 'Fantasy', 'Isekai', 'Reincarnation']",
Haikyuu!!,"['School', 'Shounen', 'Sports', 'Team Sports']",
Bungou Stray Dogs 4th Season,"['Action', 'Adult Cast', 'Detective', 'Mystery', 'Organized Crime', 'Seinen', 'Super Power']",
Golden Kamuy 3rd Season,"['Action', 'Adult Cast', 'Adventure', 'Historical', 'Military', 'Seinen']",
Mushishi Zoku Shou: Odoro no Michi,"['Adult Cast', 'Adventure', 'Historical', 'Iyashikei', 'Mystery', 'Seinen', 'Slice of Life', 'Supernatural']",
Re:Zero kara Hajimeru Isekai Seikatsu 2nd Season Part 2,"['Drama', 'Fantasy', 'Isekai', 'Psychological', 'Suspense', 'Time Travel']",
Jujutsu Kaisen 0 Movie,"['Action', 'School', 'Shounen', 'Supernatural']",
Kono Oto Tomare! Part 2,"['Drama', 'Music', 'School', 'Shounen']",
Koukaku Kidoutai: Stand Alone Complex,"['Action', 'Adult Cast', 'Award Winning', 'Detective', 'Mecha', 'Military', 'Mystery', 'Sci-Fi', 'Seinen']",
Mononoke,"['Adult Cast', 'Historical', 'Horror', 'Mystery', 'Mythology', 'Psychological', 'Supernatural', 'Suspense']",
Natsume Yuujinchou Movie: Utsusemi ni Musubu,"['Iyashikei', 'Mythology', 'Shoujo', 'Slice of Life', 'Supernatural']",
Tian Guan Cifu,"['Action', 'Adventure', 'Drama', 'Fantasy', 'Historical', 'Mythology']",
Wu Liuqi: Xuanwu Guo Pian,"['Action', 'Adventure', 'Comedy', 'Drama', 'Martial Arts', 'Mystery', 'Super Power']",
Gintama: Yorinuki Gintama-san on Theater 2D,"['Action', 'Comedy', 'Gag Humor', 'Historical', 'Parody', 'Samurai', 'Sci-Fi', 'Shounen']",
Hunter x Hunter,"['Action', 'Adventure', 'Fantasy', 'Shounen']",
Shingeki no Kyojin: Kuinaki Sentaku,['Action'],
Violet Evergarden Gaiden: Eien to Jidou Shuki Ningyou,['Drama'],
Kamisama Hajimemashita: Kako-hen,"['Comedy', 'Mythology', 'Romance', 'Shoujo', 'Supernatural', 'Time Travel']",
Natsume Yuujinchou Roku Specials,"['Iyashikei', 'Mythology', 'Shoujo', 'Slice of Life', 'Supernatural']",
Karakai Jouzu no Takagi-san 3,"['Comedy', 'Love Status Quo', 'School', 'Shounen']",
Major S5,"['Shounen', 'Sports', 'Team Sports']",
Blue Giant,"['Music', 'Seinen']",
Girls Band Cry,"['Drama', 'Music']",
Houseki no Kuni,"['Action', 'Anthropomorphic', 'Drama', 'Fantasy', 'Mystery', 'Seinen']",
Sayonara no Asa ni Yakusoku no Hana wo Kazarou,"['Drama', 'Fantasy']",
Vivy: Fluorite Eye's Song,"['Action', 'Music', 'Sci-Fi', 'Suspense', 'Time Travel']",
Yuru Camp△ Movie,"['Adult Cast', 'CGDCT', 'Iyashikei', 'Slice of Life']",
Josee to Tora to Sakana-tachi,"['Adult Cast', 'Drama', 'Romance', 'Visual Arts']",
Kaze ga Tsuyoku Fuiteiru,"['Adult Cast', 'Drama', 'Racing', 'Sports']",
Made in Abyss Movie 2: Hourou Suru Tasogare,"['Adventure', 'Drama', 'Fantasy', 'Gore', 'Mystery', 'Sci-Fi']",
Ramayana: The Legend of Prince Rama,['Adventure'],
Chihayafuru 2,"['Drama', 'Josei', 'Love Polygon', 'School', 'Sports', 'Strategy Game']",
Cowboy Bebop: Tengoku no Tobira,"['Action', 'Adult Cast', 'Sci-Fi', 'Space']",
Fruits Basket: Prelude,"['Drama', 'Romance', 'Shoujo']",
3-gatsu no Lion,"['Childcare', 'Drama', 'Seinen', 'Strategy Game']",
Cross Game,"['Drama', 'Romance', 'School', 'Shounen', 'Sports', 'Team Sports']",
Haikyuu!! To the Top,"['School', 'Shounen', 'Sports', 'Team Sports']",
Kara no Kyoukai Movie 7: Satsujin Kousatsu (Go),"['Action', 'Fantasy', 'Mystery', 'Romance', 'Suspense', 'Urban Fantasy']",
Mahou Shoujo Madoka★Magica,"['Award Winning', 'Drama', 'Mahou Shoujo', 'Psychological', 'Suspense']",
Mahou Shoujo Madoka★Magica Movie 2: Eien no Monogatari,"['Drama', 'Mahou Shoujo', 'Psychological', 'Suspense']",
Kizumonogatari I: Tekketsu-hen,"['Action', 'Mystery', 'Supernatural', 'Vampire']",
Meitantei Conan Movie 26: Kurogane no Submarine,"['Action', 'Detective', 'Mystery', 'Shounen']",
Non Non Biyori Nonstop,"['CGDCT', 'Iyashikei', 'Seinen', 'Slice of Life']",
Tensei shitara Slime Datta Ken 2nd Season,"['Action', 'Comedy', 'Fantasy', 'Isekai', 'Reincarnation', 'Shounen']",
Baccano!,"['Action', 'Adult Cast', 'Historical', 'Mystery', 'Organized Crime', 'Supernatural']",
Girls & Panzer: Saishuushou Part 4,"['CGDCT', 'Military', 'School']",
Hellsing Ultimate,"['Action', 'Adult Cast', 'Gore', 'Horror', 'Military', 'Seinen', 'Supernatural', 'Vampire']",
Initial D First Stage,"['Action', 'Drama', 'Racing', 'Seinen']",
K-On! Movie,"['Award Winning', 'CGDCT', 'Comedy', 'Music']",
Kaze no Tani no Nausicaä,"['Adventure', 'Award Winning', 'Fantasy']",
Kimetsu no Yaiba: Mugen Ressha-hen,"['Action', 'Historical', 'Shounen', 'Supernatural']",
Tunshi Xingkong 3rd Season,"['Action', 'Adventure', 'Fantasy', 'Martial Arts', 'Sci-Fi']",
Yahari Ore no Seishun Love Comedy wa Machigatteiru. Kan,"['Comedy', 'Love Polygon', 'Romance', 'School']",
Versailles no Bara,"['Crossdressing', 'Drama', 'Historical', 'Military', 'Romance', 'Shoujo']",
"Violet Evergarden: Kitto ""Ai"" wo Shiru Hi ga Kuru no Darou",['Drama'],
Violet Evergarden: Recollections,['Drama'],
Wu Shan Wu Xing: Xichuan Huan Zi Lin,"['Action', 'Fantasy', 'Historical', 'Martial Arts', 'Supernatural']",
Bakuman. 2nd Season,"['Comedy', 'Drama', 'Otaku Culture', 'Romance', 'Shounen']",
Fumetsu no Anata e,"['Adventure', 'Drama', 'Shounen', 'Supernatural']",
IDOLiSH7 Third Beat! Part 2,"['Drama', 'Idols (Male)', 'Music']",
Douluo Dalu 2nd Season,"['Action', 'Adventure', 'Fantasy', 'Historical', 'Martial Arts', 'Supernatural']",
Hibike! Euphonium 2,"['Drama', 'Music', 'Performing Arts', 'School']",
Kidou Senshi Gundam: The Origin,"['Action', 'Mecha', 'Military', 'Sci-Fi', 'Shounen', 'Space']",
Natsume Yuujinchou: Itsuka Yuki no Hi ni,"['Iyashikei', 'Mythology', 'Shoujo', 'Slice of Life', 'Supernatural']",
Psycho-Pass,"['Action', 'Adult Cast', 'Detective', 'Mystery', 'Psychological', 'Sci-Fi', 'Suspense']",
One Outs,"['Adult Cast', 'Psychological', 'Seinen', 'Sports', 'Suspense', 'Team Sports']",
Ashita no Joe,"['Combat Sports', 'Drama', 'Shounen', 'Sports']",
Bakemonogatari,"['Mystery', 'Romance', 'Supernatural', 'Vampire']",
Chi. Chikyuu no Undou ni Tsuite,"['Drama', 'Historical', 'Seinen']",
Dr. Stone: New World Part 2,"['Adventure', 'Comedy', 'Sci-Fi', 'Shounen']",
Fate/stay night: Unlimited Blade Works 2nd Season,"['Action', 'Fantasy', 'Urban Fantasy']",
Tunshi Xingkong 4th Season,"['Action', 'Adventure', 'Fantasy', 'Martial Arts', 'Sci-Fi']",
Uchuu Senkan Yamato 2199,"['Action', 'Adult Cast', 'Drama', 'Military', 'Sci-Fi', 'Space']",
Seishun Buta Yarou wa Randoseru Girl no Yume wo Minai,"['Drama', 'Romance', 'School', 'Supernatural']",
Tensei shitara Slime Datta Ken 2nd Season Part 2,"['Action', 'Comedy', 'Fantasy', 'Isekai', 'Reincarnation', 'Shounen']",
Major S6,"['Shounen', 'Sports', 'Team Sports']",
Natsume Yuujinchou Go Specials,"['Iyashikei', 'Mythology', 'Shoujo', 'Slice of Life', 'Supernatural']",
Romeo no Aoi Sora,"['Adventure', 'Drama', 'Historical']",
Ao no Hako,"['Romance', 'School', 'Shounen', 'Sports', 'Team Sports']",
Ginga Eiyuu Densetsu: Die Neue These - Gekitotsu,"['Adult Cast', 'Drama', 'Military', 'Sci-Fi', 'Space']",
Ginga Eiyuu Densetsu: Die Neue These - Sakubou,"['Adult Cast', 'Drama', 'Military', 'Sci-Fi', 'Space']",
Hunter x Hunter: Original Video Animation,"['Action', 'Adventure', 'Fantasy', 'Shounen']",
Diamond no Ace: Second Season,"['School', 'Shounen', 'Sports', 'Team Sports']",
Evangelion Movie 2: Ha,"['Action', 'Drama', 'Mecha', 'Psychological', 'Sci-Fi', 'Suspense']",
Given,"['Boys Love', 'Drama', 'Music', 'School']",
Kaijuu 8-gou,"['Action', 'Adult Cast', 'Military', 'Sci-Fi', 'Shounen']",
Katanagatari,"['Action', 'Adventure', 'Historical', 'Martial Arts', 'Romance']",
Kemono no Souja Erin,"['Drama', 'Fantasy']",
Kingdom 2nd Season,"['Action', 'Historical', 'Military', 'Seinen']",
Luo Xiao Hei Zhan Ji (Movie),"['Adventure', 'Drama', 'Fantasy']",
Natsume Yuujinchou,"['Iyashikei', 'Mythology', 'Shoujo', 'Slice of Life', 'Supernatural']",
Ookami to Koushinryou II,"['Adult Cast', 'Adventure', 'Drama', 'Romance', 'Supernatural']",
Sasaki to Miyano Movie: Sotsugyou-hen,"['Boys Love', 'Otaku Culture', 'School']",
Kuroko no Basket 3rd Season,"['School', 'Shounen', 'Sports', 'Team Sports']",
Meitantei Conan Movie 06: Baker Street no Bourei,"['Adventure', 'Detective', 'Mystery', 'Shounen']",
One Piece: Gyojin Tou-hen,"['Action', 'Adventure', 'Fantasy', 'Shounen']",
Sakamichi no Apollon,"['Drama', 'Historical', 'Josei', 'Love Polygon', 'Music', 'Romance', 'School']",
Steins;Gate: Oukoubakko no Poriomania,"['Comedy', 'Sci-Fi', 'Time Travel']",
Tunshi Xingkong 2nd Season,"['Action', 'Adventure', 'Fantasy', 'Martial Arts', 'Sci-Fi']",
Beck,"['Drama', 'Music', 'Shounen']",
Initial D Final Stage,"['Racing', 'Seinen']",
Doukyuusei,"['Boys Love', 'School']",
Ginga Eiyuu Densetsu: Die Neue These - Seiran 3,"['Adult Cast', 'Drama', 'Military', 'Sci-Fi', 'Space']",
Kino no Tabi: The Beautiful World,"['Adventure', 'Drama', 'Fantasy']",
Major: World Series,"['Shounen', 'Sports', 'Team Sports']",
Redline,"['Action', 'Adult Cast', 'Racing', 'Sci-Fi']",
Rurouni Kenshin: Meiji Kenkaku Romantan,"['Action', 'Comedy', 'Historical', 'Romance', 'Samurai', 'Shounen']",
Tokyo Godfathers,"['Award Winning', 'Childcare', 'Comedy', 'Drama']",
Yuukoku no Moriarty Part 2,"['Adult Cast', 'Historical', 'Mystery', 'Organized Crime', 'Psychological', 'Shounen', 'Suspense']",
Shirobako,"['Adult Cast', 'Award Winning', 'Comedy', 'Drama', 'Otaku Culture', 'Workplace']",
Suzume no Tojimari,"['Adventure', 'Mythology', 'Supernatural']",
Tenki no Ko,"['Award Winning', 'Drama', 'Romance', 'Supernatural']",
Yuru Camp△,"['CGDCT', 'Iyashikei', 'Slice of Life']",
Diamond no Ace: Act II,"['School', 'Shounen', 'Sports', 'Team Sports']",
Doraemon Movie 31: Shin Nobita to Tetsujin Heidan - Habatake Tenshi-tachi,"['Adventure', 'Comedy', 'Fantasy', 'Kids', 'Mecha', 'Shounen']",
Fate/Zero,"['Action', 'Fantasy', 'Urban Fantasy']",
Gin no Saji 2nd Season,"['Comedy', 'School', 'Shounen']",
Koukaku Kidoutai,"['Action', 'Adult Cast', 'Award Winning', 'Detective', 'Mecha', 'Mystery', 'Psychological', 'Sci-Fi', 'Seinen', 'Suspense']",
Space☆Dandy 2nd Season,"['Adult Cast', 'Comedy', 'Sci-Fi', 'Space']",
Steins;Gate: Kyoukaimenjou no Missing Link - Divide By Zero,"['Sci-Fi', 'Suspense', 'Time Travel']",
Tanoshii Muumin Ikka,"['Adventure', 'Fantasy', 'Iyashikei', 'Kids', 'Slice of Life']",
Tenkuu no Shiro Laputa,"['Adventure', 'Award Winning', 'Fantasy', 'Romance', 'Sci-Fi']",
Tsubasa: Tokyo Revelations,"['Action', 'Adventure', 'Drama', 'Fantasy', 'Romance', 'Shounen']",
Gyakkyou Burai Kaiji: Ultimate Survivor,"['Adult Cast', 'High Stakes Game', 'Psychological', 'Seinen', 'Strategy Game', 'Suspense']",
Hajime no Ippo: Champion Road,"['Combat Sports', 'Shounen', 'Sports']",
Boku no Hero Academia 6th Season,"['Action', 'School', 'Shounen', 'Super Power']",
Hunter x Hunter: Greed Island Final,"['Action', 'Adventure', 'Fantasy', 'Shounen']",
Kuroshitsuji Movie: Book of the Atlantic,"['Action', 'Historical', 'Mystery', 'Mythology', 'Shounen', 'Supernatural']",
Nodame Cantabile,"['Adult Cast', 'Comedy', 'Josei', 'Music', 'Romance']",
Planetes,"['Adult Cast', 'Award Winning', 'Drama', 'Romance', 'Sci-Fi', 'Seinen', 'Space', 'Workplace']",
Shinsekai yori,"['Drama', 'Fantasy', 'Horror', 'Mystery', 'Psychological', 'Sci-Fi', 'Suspense']",
Stranger: Mukou Hadan,"['Action', 'Adventure', 'Historical', 'Samurai']",
Tonari no Totoro,"['Adventure', 'Award Winning', 'Supernatural']",
World Trigger 3rd Season,"['Action', 'Sci-Fi', 'Shounen']",
Sennen Joyuu,"['Action', 'Adult Cast', 'Adventure', 'Award Winning', 'Drama', 'Fantasy', 'Historical', 'Romance', 'Showbiz']",
Doupo Cangqiong 4th Season,"['Action', 'Adventure', 'Fantasy', 'Martial Arts', 'Mythology', 'Romance', 'Supernatural']",
Dungeon ni Deai wo Motomeru no wa Machigatteiru Darou ka IV: Shin Shou - Yakusai-hen,"['Action', 'Adventure', 'Fantasy']",
Golden Kamuy 2nd Season,"['Action', 'Adult Cast', 'Adventure', 'Historical', 'Military', 'Seinen']",
Gyakkyou Burai Kaiji: Hakairoku-hen,"['Adult Cast', 'High Stakes Game', 'Psychological', 'Seinen', 'Strategy Game', 'Suspense']",
Haikyuu!! Movie 4: Concept no Tatakai,"['School', 'Shounen', 'Sports', 'Team Sports']",
Hajime no Ippo: Mashiba vs. Kimura,"['Combat Sports', 'Shounen', 'Sports']",
Kobayashi-san Chi no Maid Dragon S,"['Slice of Life', 'Supernatural']",
Meitantei Conan: Episode One - Chiisaku Natta Meitantei,"['Adventure', 'Comedy', 'Detective', 'Mystery', 'Shounen']",
Non Non Biyori Movie: Vacation,"['CGDCT', 'Iyashikei', 'Seinen', 'Slice of Life']",
Kamisama Hajimemashita◎,"['Comedy', 'Mythology', 'Romance', 'Shoujo', 'Supernatural']",
Kidou Senshi Gundam: Tekketsu no Orphans 2nd Season,"['Action', 'Drama', 'Mecha', 'Sci-Fi', 'Space']",
Majo no Takkyuubin,"['Adventure', 'Award Winning', 'Comedy', 'Drama', 'Fantasy']",
Mushoku Tensei II: Isekai Ittara Honki Dasu,"['Adventure', 'Drama', 'Ecchi', 'Fantasy', 'Isekai', 'Reincarnation']",
Shen Yin Wangzuo 2nd Season,"['Action', 'Adventure', 'Fantasy']",
Spy x Family Part 2,"['Action', 'Childcare', 'Comedy', 'Shounen', 'Super Power']",
Wu Liuqi: Zui Qiang Fa Xing Shi,"['Action', 'Comedy', 'Drama', 'Martial Arts', 'Mystery', 'Super Power']",
Youjo Senki Movie,"['Action', 'Fantasy', 'Isekai', 'Military', 'Reincarnation']",
Bakemono no Ko,"['Adventure', 'Anthropomorphic', 'Fantasy', 'Isekai']",
Bocchi the Rock! Movie,"['CGDCT', 'Comedy', 'Music']",
IDOLiSH7 Third Beat!,"['Drama', 'Idols (Male)', 'Music']",
BanG Dream! It's MyGO!!!!!,"['Drama', 'Music']",
Kono Sekai no Katasumi ni,"['Award Winning', 'Drama', 'Historical', 'Seinen']",
Liz to Aoi Tori,"['Award Winning', 'Drama', 'Music', 'Performing Arts', 'School']",
Mahou Shoujo Madoka★Magica Movie 1: Hajimari no Monogatari,"['Drama', 'Mahou Shoujo', 'Psychological', 'Suspense']",
Mimi wo Sumaseba,"['Drama', 'Romance', 'Shoujo']",
Nodame Cantabile Finale,"['Adult Cast', 'Comedy', 'Josei', 'Music', 'Romance']",
Shoujo Kakumei Utena,"['Award Winning', 'Drama', 'Fantasy', 'Mahou Shoujo', 'Mystery', 'Psychological', 'School', 'Suspense']",
Shoujo Shuumatsu Ryokou,"['Adventure', 'CGDCT', 'Iyashikei', 'Mystery', 'Sci-Fi', 'Slice of Life']",
Trigun,"['Action', 'Adult Cast', 'Adventure', 'Sci-Fi', 'Shounen']",
Yubisaki to Renren,"['Adult Cast', 'Romance', 'Shoujo']",
SKET Dance,"['Comedy', 'School', 'Shounen']",
Berserk: Ougon Jidai-hen III - Kourin,"['Action', 'Adventure', 'Drama', 'Fantasy', 'Gore', 'Horror', 'Military', 'Seinen']",
Blue Lock,"['Shounen', 'Sports', 'Team Sports']",
Cardcaptor Sakura Movie 2: Fuuin Sareta Card,"['Award Winning', 'Comedy', 'Drama', 'Mahou Shoujo', 'Romance', 'Shoujo']",
Fruits Basket 1st Season,"['Drama', 'Love Polygon', 'Romance', 'School', 'Shoujo', 'Supernatural']",
Magi: The Kingdom of Magic,"['Action', 'Adventure', 'Fantasy', 'Shounen']",
Major S1,"['Shounen', 'Sports', 'Team Sports']",
Major S3,"['Shounen', 'Sports', 'Team Sports']",
Ookami to Koushinryou,"['Adult Cast', 'Adventure', 'Drama', 'Romance', 'Supernatural']",
Kimetsu no Yaiba: Katanakaji no Sato-hen,"['Action', 'Historical', 'Shounen', 'Supernatural']",
Kuroko no Basket 2nd Season,"['School', 'Shounen', 'Sports', 'Team Sports']",
Meitantei Conan Movie 13: Shikkoku no Chaser,"['Action', 'Detective', 'Mystery', 'Shounen']",
Quanzhi Gaoshou Specials,"['Action', 'Video Game']",
Sasaki to Miyano,"['Boys Love', 'Otaku Culture', 'School']",
Senki Zesshou Symphogear XV,"['Action', 'Idols (Female)', 'Music', 'Sci-Fi']",
xxxHOLiC◆Kei,"['Comedy', 'Drama', 'Mystery', 'Seinen', 'Supernatural']",
Bungou Stray Dogs 3rd Season,"['Action', 'Adult Cast', 'Detective', 'Mystery', 'Organized Crime', 'Seinen', 'Super Power']",
Fanren Xiu Xian Chuan 3rd Season,"['Action', 'Adventure', 'Fantasy', 'Historical', 'Martial Arts']",
Fate/strange Fake: Whispers of Dawn,"['Action', 'Fantasy', 'Urban Fantasy']",
InuYasha: Kanketsu-hen,"['Action', 'Adventure', 'Fantasy', 'Historical', 'Love Polygon', 'Mythology', 'Romance', 'Shounen', 'Time Travel']",
Dragon Ball Super: Broly,"['Action', 'Adventure', 'Fantasy', 'Martial Arts', 'Shounen']",
Dragon Ball Z,"['Action', 'Adventure', 'Comedy', 'Fantasy', 'Martial Arts', 'Shounen']",
Hachimitsu to Clover II,"['Adult Cast', 'Drama', 'Josei', 'Love Polygon', 'Romance', 'Visual Arts']",
Maison Ikkoku,"['Adult Cast', 'Comedy', 'Drama', 'Romance', 'Seinen']",
Mo Dao Zu Shi Q,"['Comedy', 'Fantasy', 'Historical', 'Mythology', 'Reincarnation']",
One Piece Movie 14: Stampede,"['Action', 'Adventure', 'Fantasy', 'Shounen']",
One Piece: Episode of Merry - Mou Hitori no Nakama no Monogatari,"['Action', 'Adventure', 'Fantasy', 'Shounen']",
Vanitas no Karte Part 2,"['Action', 'Fantasy', 'Historical', 'Mystery', 'Shounen', 'Urban Fantasy', 'Vampire']",
Wu Liuqi: Anying Suming,"['Action', 'Adventure', 'Comedy', 'Drama', 'Martial Arts', 'Mystery', 'Super Power']",
Xian Ni,"['Action', 'Adventure', 'Fantasy', 'Historical']",
Stand By Me Doraemon 2,"['Comedy', 'Kids', 'Sci-Fi', 'Time Travel']",
xxxHOLiC Rou,"['Drama', 'Mystery', 'Seinen', 'Supernatural']",
Yojouhan Time Machine Blues,"['Adult Cast', 'Comedy', 'Mystery', 'Psychological', 'Romance', 'Suspense', 'Time Travel']",
Yoru wa Mijikashi Arukeyo Otome,"['Adult Cast', 'Comedy', 'Romance']",
Ballroom e Youkoso,"['Performing Arts', 'Shounen', 'Sports']",
Cang Yuan Tu,"['Action', 'Adventure', 'Fantasy', 'Historical', 'Martial Arts']",
Chihayafuru,"['Drama', 'Josei', 'Love Polygon', 'School', 'Sports', 'Strategy Game']",
Fate/stay night: Unlimited Blade Works,"['Action', 'Fantasy', 'Urban Fantasy']",
Girls & Panzer Movie,"['Action', 'Award Winning', 'CGDCT', 'Military', 'School']",
Haikyuu!! Movie 3: Sainou to Sense,"['School', 'Shounen', 'Sports', 'Team Sports']",
Hunter x Hunter: Greed Island,"['Action', 'Adventure', 'Fantasy', 'Shounen']",
Initial D Second Stage,"['Action', 'Drama', 'Racing', 'Seinen']",
Major S2,"['Shounen', 'Sports', 'Team Sports']",
Major S4,"['Shounen', 'Sports', 'Team Sports']",
Make Heroine ga Oosugiru!,"['Comedy', 'Romance', 'School']",
Meitantei Conan Movie 20: Junkoku no Nightmare,"['Action', 'Detective', 'Mystery', 'Shounen']",
Nomad: Megalo Box 2,"['Adult Cast', 'Combat Sports', 'Sci-Fi', 'Sports']",
Non Non Biyori Repeat,"['CGDCT', 'Iyashikei', 'School', 'Seinen', 'Slice of Life']",
K-On!!,"['Award Winning', 'CGDCT', 'Comedy', 'Music', 'School']",
Kotarou wa Hitorigurashi,"['Childcare', 'Seinen', 'Slice of Life']",
Little Busters! Refrain,"['Comedy', 'Drama', 'Romance', 'School']",
Made in Abyss Movie 1: Tabidachi no Yoake,"['Adventure', 'Drama', 'Fantasy', 'Gore', 'Mystery', 'Sci-Fi']",
Meitantei Conan,"['Adventure', 'Comedy', 'Detective', 'Mystery', 'Shounen']",
Yuukoku no Moriarty,"['Adult Cast', 'Historical', 'Mystery', 'Organized Crime', 'Psychological', 'Shounen', 'Suspense']",
Ao Ashi,"['Seinen', 'Sports', 'Team Sports']",
Bakuman.,"['Comedy', 'Drama', 'Otaku Culture', 'Romance', 'Shounen']",
Black Lagoon: The Second Barrage,"['Action', 'Adult Cast', 'Organized Crime', 'Seinen']",
Bungou Stray Dogs 2nd Season,"['Action', 'Adult Cast', 'Detective', 'Mystery', 'Organized Crime', 'Seinen', 'Super Power']",
Cardcaptor Sakura,"['Adventure', 'Comedy', 'Drama', 'Mahou Shoujo', 'Romance', 'School', 'Shoujo']",
Digimon Adventure: Last Evolution Kizuna,"['Action', 'Adventure', 'Comedy', 'Drama']",
Ginga Eiyuu Densetsu: Die Neue These - Seiran 2,"['Adult Cast', 'Drama', 'Military', 'Sci-Fi', 'Space']",
Girls & Panzer: Saishuushou Part 3,"['CGDCT', 'Military', 'School']",
Holo no Graffiti,['Comedy'],
Initial D Fourth Stage,"['Action', 'Drama', 'Racing', 'Seinen']",
Akira,"['Action', 'Gore', 'Horror', 'Military', 'Sci-Fi', 'Seinen', 'Super Power']",
Aria the Natural,"['Fantasy', 'Iyashikei', 'Sci-Fi', 'Shounen', 'Slice of Life']",
Dr. Stone: Stone Wars,"['Adventure', 'Comedy', 'Sci-Fi', 'Shounen', 'Survival']",
Fate/stay night Movie: Heaven's Feel - I. Presage Flower,"['Action', 'Fantasy', 'Urban Fantasy']",
Horimiya: Piece,"['Romance', 'School', 'Shounen']",
"Kamisama Hajimemashita: Kamisama, Shiawase ni Naru","['Comedy', 'Fantasy', 'Mythology', 'Romance', 'Shoujo']",
Lycoris Recoil,['Action'],
Natsume Yuujinchou: Ishi Okoshi to Ayashiki Raihousha,"['Iyashikei', 'Mythology', 'Shoujo', 'Slice of Life', 'Supernatural']",
Ouran Koukou Host Club,"['Comedy', 'Crossdressing', 'Reverse Harem', 'Romance', 'School', 'Shoujo']",
"Shangri-La Frontier: Kusoge Hunter, Kamige ni Idoman to su 2nd Season","['Action', 'Adventure', 'Fantasy', 'Shounen', 'Video Game']",
Tengen Toppa Gurren Lagann Movie 1: Gurren-hen,"['Action', 'Mecha', 'Sci-Fi']",
Yi Nian Yong Heng: Chuan Cheng Pian,"['Action', 'Adventure', 'Fantasy', 'Historical', 'Martial Arts']",
Toaru Kagaku no Railgun T,"['Action', 'Fantasy', 'Sci-Fi', 'Super Power']",
Dr. Stone: New World,"['Adventure', 'Comedy', 'Sci-Fi', 'Shounen']",
Dr. Stone: Ryuusui,"['Adventure', 'Comedy', 'Sci-Fi', 'Shounen']",
Lupin III: Cagliostro no Shiro,"['Action', 'Adult Cast', 'Adventure', 'Award Winning', 'Comedy', 'Mystery', 'Seinen']",
Non Non Biyori Nonstop: Bukatsu wo Ganbatta,"['CGDCT', 'Iyashikei', 'Seinen', 'Slice of Life']",
Kaiba,"['Adventure', 'Avant Garde', 'Award Winning', 'Mystery', 'Psychological', 'Romance', 'Sci-Fi']",
Kyoukai no Kanata Movie 2: I'll Be Here - Mirai-hen,"['Action', 'Romance', 'School', 'Supernatural']",
Major: Message,"['Shounen', 'Sports', 'Team Sports']",
Shingeki no Kyojin Movie: Kanketsu-hen - The Last Attack,"['Action', 'Drama', 'Gore', 'Military', 'Shounen', 'Survival', 'Suspense']",
Shinigami Bocchan to Kuro Maid 3rd Season,"['Comedy', 'Fantasy', 'Love Status Quo', 'Romance', 'Urban Fantasy']",
Spy x Family Movie: Code: White,"['Action', 'Childcare', 'Comedy', 'Shounen', 'Super Power']",
Working!!! Lord of the Takanashi,"['Comedy', 'Romance', 'Seinen', 'Workplace']",
Black Clover,"['Action', 'Fantasy', 'Shounen']",
Eiga Daisuki Pompo-san,"['Comedy', 'Drama', 'Showbiz']",
Eizouken ni wa Te wo Dasu na!,"['Adventure', 'Award Winning', 'Comedy', 'Otaku Culture', 'School', 'Seinen']",
Ginga Eiyuu Densetsu Gaiden,"['Action', 'Drama', 'Military', 'Sci-Fi', 'Space']",
Given: Uragawa no Sonzai,"['Boys Love', 'Drama', 'Music', 'School']",
IDOLiSH7 Second Beat!,"['Drama', 'Idols (Male)', 'Music']",
Interstella5555: The 5tory of The 5ecret 5tar 5ystem,"['Adult Cast', 'Adventure', 'Drama', 'Music', 'Sci-Fi']",
Kidou Senshi Gundam: The Origin - Zenya Akai Suisei,"['Action', 'Mecha', 'Military', 'Sci-Fi', 'Shounen', 'Space']",
Lupin III: Part 5,"['Action', 'Adult Cast', 'Adventure', 'Comedy', 'Mystery', 'Seinen']",
Nisemonogatari,"['Comedy', 'Ecchi', 'Mystery', 'Supernatural']",
Nodame Cantabile: Paris-hen,"['Adult Cast', 'Comedy', 'Josei', 'Music', 'Romance']",
Princess Tutu,"['Anthropomorphic', 'Drama', 'Love Polygon', 'Mahou Shoujo', 'Mystery', 'Performing Arts', 'Romance']",
Shokugeki no Souma,"['Ecchi', 'Gourmet', 'School', 'Shounen']",
Seirei no Moribito,"['Action', 'Adventure', 'Fantasy']",
Skip to Loafer,"['Drama', 'School', 'Seinen']",
Gankutsuou,"['Award Winning', 'Drama', 'Mystery', 'Sci-Fi', 'Supernatural', 'Suspense']",
Given Movie 1,"['Boys Love', 'Drama', 'Music']",
Golden Kamuy 4th Season,"['Action', 'Adult Cast', 'Adventure', 'Historical', 'Military', 'Seinen']",
Katekyou Hitman Reborn!,"['Action', 'Comedy', 'Organized Crime', 'Shounen', 'Super Power']",
Kaze Tachinu,"['Award Winning', 'Drama', 'Historical', 'Romance']",
Kimetsu no Yaiba: Hashira Geiko-hen,"['Action', 'Historical', 'Shounen', 'Supernatural']",
Paripi Koumei,"['Adult Cast', 'Comedy', 'Music', 'Reincarnation', 'Showbiz']",
Precure All Stars Movie F,"['Action', 'Mahou Shoujo']",
JoJo no Kimyou na Bouken Part 3: Stardust Crusaders,"['Action', 'Adventure', 'Shounen', 'Super Power']",
Kamisama Hajimemashita,"['Comedy', 'Mythology', 'Romance', 'Shoujo', 'Supernatural']",
Kuragehime,"['Adult Cast', 'Comedy', 'Crossdressing', 'Josei', 'Visual Arts']",
Mahou Shoujo Lyrical Nanoha: The Movie 2nd A's,"['Action', 'Comedy', 'Drama', 'Mahou Shoujo', 'Sci-Fi']",
Meitantei Conan Movie 05: Tengoku e no Countdown,"['Adventure', 'Comedy', 'Detective', 'Mystery', 'Shounen']",
